snps	z	p.value	log.p.value	CV	OR
rs73324302	-7.5040066691578	6.18961531083528e-14	-30.4133183640277	0	1
rs73326003	-7.5040066691578	6.18961531083528e-14	-30.4133183640277	0	1
rs11171542	-2.66133103025342	0.0077832394991882	-4.85578263938683	0	1
rs73326007	-7.5040066691578	6.18961531083528e-14	-30.4133183640277	0	1
rs10876808	-8.04522372498331	8.60880051624427e-16	-34.6885764920336	0	1
rs10783756	-21.5323263500468	7.75419132574271e-103	-235.118031064985	0	1
rs10876809	-4.09642413899875	4.19580895748962e-05	-10.0788393051463	2	1.12655045458289
rs534107752	-7.87457330577215	3.41907694416288e-15	-33.3094057796331	0	1
rs74874107	-2.35814885268545	0.0183663267114132	-3.99723636102312	0	1
rs75858062	-2.18994848175397	0.0285279733278851	-3.55687015280693	0	1
rs77902503	-2.18994848175397	0.0285279733278851	-3.55687015280693	0	1
rs77755732	-19.2734068298013	8.982385773834e-83	-188.919297195104	0	1
rs140476303	-2.18994848175397	0.0285279733278851	-3.55687015280693	0	1
rs6581065	-8.10975776422557	5.07207743486859e-16	-35.2176110037593	4	0.877251836009739
rs7960004	-41.2612068053826	0	-Inf	0	1
rs6581066	-21.5962260429579	1.94903089905667e-103	-236.498932304187	0	1
rs7305830	-8.18026749780955	2.83214450989784e-16	-35.8003272858688	0	1
rs7305943	-6.15549326140914	7.48441784541331e-10	-21.0130276912575	0	1
rs10747757	-6.15549326140914	7.48441784541331e-10	-21.0130276912575	0	1
rs199896545	-17.8924749012989	1.34977967192849e-71	-163.183600229425	0	1
rs202082629	-3.70120744878668	0.000214575954363777	-8.44684678267664	0	1
rs542822973	-3.25454855819925	0.00113572742574365	-6.78048192960096	0	1
rs531427682	-7.64112610688768	2.15330028142286e-14	-31.4691896220925	0	1
rs78627215	-7.34074459052108	2.12408813462322e-13	-29.1802636117601	0	1
rs11838214	-7.4365856656856	1.03320973234848e-13	-29.9009360071102	0	1
rs74093215	-6.39382785329218	1.61783564141106e-10	-22.544761697792	0	1
rs11171550	-21.5895580648002	2.25155412601768e-103	-236.354643877935	0	1
rs6581067	-7.84945122949176	4.17861631181812e-15	-33.108796229056	0	1
rs59316825	-7.35672827030373	1.88472455873877e-13	-29.2998245213846	0	1
rs10783757	-7.85307663310191	4.05953444463724e-15	-33.1377080966806	0	1
rs183973202	-18.2332943214914	2.80880657742764e-74	-169.358537193968	0	1
rs4324500	-19.309558651148	4.4637054749219e-83	-189.618583473443	0	1
rs57449968	-7.11433049395777	1.12457383502888e-12	-27.5136169653477	0	1
rs60530316	-7.35672827030373	1.88472455873877e-13	-29.2998245213846	0	1
rs112157195	-7.4365856656856	1.03320973234848e-13	-29.9009360071102	0	1
rs113971999	-7.35672827030373	1.88472455873877e-13	-29.2998245213846	0	1
rs7963839	-21.6328080446602	8.82448075246479e-104	-237.29131990854	0	1
rs76179834	-18.2439602483148	2.31092179211988e-74	-169.553650392415	0	1
rs76783572	-18.2498995695181	2.07289989200135e-74	-169.662348340636	0	1
rs11837379	-3.86270987311766	0.000112136155426323	-9.09579675155251	0	1
rs11171551	-7.35672827030373	1.88472455873877e-13	-29.2998245213846	0	1
rs12582817	-7.35672827030373	1.88472455873877e-13	-29.2998245213846	0	1
rs10876812	-7.85412969387075	4.02557566372942e-15	-33.1461084722223	0	1
rs4302411	-21.6371636532796	8.02928723059258e-104	-237.385753910675	0	1
rs113735067	-3.83819112603857	0.00012394399523238	-8.9956807457362	0	1
rs112874720	-7.35672827030373	1.88472455873877e-13	-29.2998245213846	0	1
rs1955100	-7.35672827030373	1.88472455873877e-13	-29.2998245213846	0	1
rs7133826	-22.0756071104749	5.42310879056623e-108	-246.988520814743	0	1
rs74093216	-6.39382785329218	1.61783564141106e-10	-22.544761697792	0	1
rs73326054	-7.35672827030373	1.88472455873877e-13	-29.2998245213846	0	1
rs7297323	-21.6663007748257	4.26689574205415e-104	-238.017963101021	0	1
rs35100182	-3.83819112603857	0.00012394399523238	-8.9956807457362	0	1
rs28841694	-7.35672827030373	1.88472455873877e-13	-29.2998245213846	0	1
rs28851490	-7.4365856656856	1.03320973234848e-13	-29.9009360071102	0	1
rs73326057	-6.39382785329218	1.61783564141106e-10	-22.544761697792	0	1
rs76126658	-18.3717286549399	2.21251435716832e-75	-171.899752387559	0	1
rs1896049	-3.83819112603857	0.00012394399523238	-8.9956807457362	0	1
rs58948182	-7.4365856656856	1.03320973234848e-13	-29.9009360071102	0	1
rs1896048	-7.84945122949176	4.17861631181812e-15	-33.108796229056	0	1
rs55676953	-9.17807406032056	4.3887015025453e-20	-44.5726684618441	0	1
rs11836608	-7.35672827030373	1.88472455873877e-13	-29.2998245213846	0	1
rs11833187	-7.37377303196296	1.65865478798125e-13	-29.4275993037663	0	1
rs11835716	-7.36824979560827	1.7288262706202e-13	-29.3861634869574	0	1
rs74093226	-6.39382785329218	1.61783564141106e-10	-22.544761697792	0	1
rs57386660	-7.36824979560827	1.7288262706202e-13	-29.3861634869574	0	1
rs1896046	-7.36824979560827	1.7288262706202e-13	-29.3861634869574	0	1
rs56955949	-7.38581003858167	1.51528003970836e-13	-29.5180059423509	0	1
rs73326070	-7.36824979560827	1.7288262706202e-13	-29.3861634869574	0	1
rs73326072	-6.39382785329218	1.61783564141106e-10	-22.544761697792	0	1
rs73326075	-7.44802557823591	9.47474550087287e-14	-29.9875614113751	0	1
rs73326078	-6.39382785329218	1.61783564141106e-10	-22.544761697792	0	1
rs73326081	-6.39382785329218	1.61783564141106e-10	-22.544761697792	0	1
rs73326082	-7.36824979560827	1.7288262706202e-13	-29.3861634869574	0	1
rs73326085	-7.37102350934569	1.69322978648274e-13	-29.406968387585	0	1
rs73326087	-6.39382785329218	1.61783564141106e-10	-22.544761697792	0	1
rs73326090	-6.39382785329218	1.61783564141106e-10	-22.544761697792	0	1
rs73326094	-6.39382785329218	1.61783564141106e-10	-22.544761697792	0	1
rs73326098	-7.36824979560827	1.7288262706202e-13	-29.3861634869574	0	1
rs11171555	-7.86006461823746	3.83935346071038e-15	-33.1934724120935	0	1
rs74737328	-7.47638786456464	7.63932694440288e-14	-30.2028817989013	0	1
rs73326102	-7.36824979560827	1.7288262706202e-13	-29.3861634869574	0	1
rs11171556	-19.3035959517982	5.00984896810552e-83	-189.50315694995	0	1
rs73327904	-7.36824979560827	1.7288262706202e-13	-29.3861634869574	0	1
rs73327906	-7.36824979560827	1.7288262706202e-13	-29.3861634869574	0	1
rs73327908	-7.38581003858167	1.51528003970836e-13	-29.5180059423509	0	1
rs12580565	-7.36824979560827	1.7288262706202e-13	-29.3861634869574	0	1
rs73327912	-6.39382785329218	1.61783564141106e-10	-22.544761697792	0	1
rs55904527	-7.38527962523695	1.5213332004436e-13	-29.5140191529417	0	1
rs55977991	-6.39382785329218	1.61783564141106e-10	-22.544761697792	0	1
rs56031252	-6.39382785329218	1.61783564141106e-10	-22.544761697792	0	1
rs1896045	-21.7891927978399	2.93783409394122e-105	-240.693762157264	0	1
rs1896044	-21.7983231322766	2.40673513052053e-105	-240.893163652958	0	1
rs59341961	-7.38527962523695	1.5213332004436e-13	-29.5140191529417	0	1
rs141681014	-7.36824979560827	1.7288262706202e-13	-29.3861634869574	0	1
rs56664615	-7.36824979560827	1.7288262706202e-13	-29.3861634869574	0	1
rs58368234	-7.45077546724074	9.27931719430067e-14	-30.0084033360259	0	1
rs76645563	-6.39382785329218	1.61783564141106e-10	-22.544761697792	0	1
rs199557929	-16.0867554059038	3.1596789221237e-58	-132.399464978141	0	1
rs59566394	-7.44802557823591	9.47474550087287e-14	-29.9875614113751	0	1
rs59222790	-7.55457752733001	4.20221600827978e-14	-30.8005792947514	0	1
rs59556341	-7.36824979560827	1.7288262706202e-13	-29.3861634869574	0	1
rs112400785	-7.38527962523695	1.5213332004436e-13	-29.5140191529417	0	1
rs11561427	-19.4346599162183	3.93010090523643e-84	-192.048482710316	0	1
rs61572440	-7.36824979560827	1.7288262706202e-13	-29.3861634869574	0	1
rs61321649	-7.36824979560827	1.7288262706202e-13	-29.3861634869574	0	1
rs60136439	-7.51556711909816	5.666475583815e-14	-30.5016239676003	0	1
rs61165749	-7.36824979560827	1.7288262706202e-13	-29.3861634869574	0	1
rs184733603	-7.36762341689359	1.7369661120158e-13	-29.381466231344	0	1
rs557833507	-6.39382785329218	1.61783564141106e-10	-22.544761697792	0	1
rs200557216	-7.36824979560827	1.7288262706202e-13	-29.3861634869574	0	1
rs7964180	-21.7705409063917	4.41391092935414e-105	-240.286673635866	0	1
rs115622443	-7.44802557823591	9.47474550087287e-14	-29.9875614113751	0	1
rs149811293	-7.36824979560827	1.7288262706202e-13	-29.3861634869574	0	1
rs11532447	-18.3717286549399	2.21251435716832e-75	-171.899752387559	0	1
rs566408339	-7.15706931363428	8.24200301603567e-13	-27.8243628100711	0	1
rs61957814	-8.27740432309011	1.25889207972299e-16	-36.6111294555611	0	1
rs555167312	-7.15706931363428	8.24200301603567e-13	-27.8243628100711	0	1
rs58762813	-7.13899139781413	9.40182172050978e-13	-27.6927027383692	0	1
rs60757331	-7.36824979560827	1.7288262706202e-13	-29.3861634869574	0	1
rs139464426	-18.3823576610005	1.81888718000412e-75	-172.095657100028	0	1
rs61111632	-6.6147186883177	3.72258964663769e-11	-24.0140164552743	0	1
rs146073724	-18.1799212646176	7.44405775693801e-74	-168.383880783952	0	1
rs139406424	-7.86269707543629	3.75949419596617e-15	-33.2144919689072	0	1
rs376357636	-7.52537420557477	5.25695452603595e-14	-30.5766394302906	0	1
rs552614758	-6.34674485678086	2.19918404601346e-10	-22.2377645265479	0	1
rs373293164	-7.36824979560827	1.7288262706202e-13	-29.3861634869574	0	1
rs147799459	-6.60908375799441	3.86705895343594e-11	-23.9759417651615	0	1
rs12370238	-5.72820338465364	1.01499833754424e-08	-18.4057937693474	0	1
rs12579787	-7.36824979560827	1.7288262706202e-13	-29.3861634869574	0	1
rs111782823	-7.44802557823591	9.47474550087287e-14	-29.9875614113751	0	1
rs111319596	-7.46493777180655	8.33389885758766e-14	-30.1158599051086	0	1
rs11543034	-21.7792564871039	3.64946891424333e-105	-240.476853110314	0	1
rs28826652	-7.4061545672732	1.30014290111674e-13	-29.6711320265603	0	1
rs12824386	-7.23015197296244	4.82453839053872e-13	-28.359891149063	0	1
rs11171561	-21.7695131706467	4.51399231116644e-105	-240.264252789311	0	1
rs28811080	-7.44802557823591	9.47474550087287e-14	-29.9875614113751	0	1
rs1896042	-7.86006461823746	3.83935346071038e-15	-33.1934724120935	0	1
rs73327921	-7.36824979560827	1.7288262706202e-13	-29.3861634869574	0	1
rs73327922	-7.36824979560827	1.7288262706202e-13	-29.3861634869574	0	1
rs57370768	-7.36824979560827	1.7288262706202e-13	-29.3861634869574	0	1
rs11171562	-21.595073339735	1.99826399145273e-103	-236.473985779034	0	1
rs61587293	-7.36824979560827	1.7288262706202e-13	-29.3861634869574	0	1
rs60163509	-7.38527962523695	1.5213332004436e-13	-29.5140191529417	0	1
rs57383013	-7.36824979560827	1.7288262706202e-13	-29.3861634869574	0	1
rs60834891	-7.3567476132893	1.88445159249562e-13	-29.2999693627147	0	1
rs61957817	-10.3015877232804	6.93078015456545e-25	-55.6286549415692	0	1
rs1896039	-41.6695100642537	0	-Inf	0	1
rs4337074	-7.3567476132893	1.88445159249562e-13	-29.2999693627147	0	1
rs2217091	-7.3567476132893	1.88445159249562e-13	-29.2999693627147	0	1
rs2194986	-7.3567476132893	1.88445159249562e-13	-29.2999693627147	0	1
rs2194985	-7.3567476132893	1.88445159249562e-13	-29.2999693627147	0	1
rs111377488	-7.49318616025306	6.72214496091887e-14	-30.3307840076991	0	1
rs61189220	-6.39382785329218	1.61783564141106e-10	-22.544761697792	0	1
rs11830946	-7.3918795850164	1.44767603820119e-13	-29.5636466705145	0	1
rs11838117	-7.3567476132893	1.88445159249562e-13	-29.2999693627147	0	1
rs2371192	-7.37304041936395	1.66779893905143e-13	-29.4221014523886	0	1
rs2371191	-7.44921852597243	9.38947357517433e-14	-29.9966020725498	0	1
rs2371190	-7.45668630326258	8.87256074722802e-14	-30.0532278497148	0	1
rs11171567	-3.415159205687	0.000637447414414043	-7.35803877152761	0	1
rs76989728	-5.98134709032886	2.21299743565387e-09	-19.9289179346428	0	1
rs2217090	-38.0002252523078	0	-Inf	0	1
rs2162323	-19.1557791713356	8.66192598151766e-82	-186.653040527951	0	1
rs1316898	-15.9374841004061	3.48088460768256e-57	-130.000063841567	0	1
rs1316899	-16.9312740283131	2.64590615242975e-64	-146.392432354269	0	1
rs2371189	-29.9810012422999	1.73599526777832e-197	-453.057682429527	0	1
rs11171569	-19.3234344455437	3.41177598070658e-83	-189.887329747331	0	1
rs1124741	-16.2098058897766	4.29924335354466e-59	-134.394081443725	0	1
rs61746285	-9.50943163950106	1.91707063973794e-21	-47.7034886403835	0	1
rs1896037	-26.3881298516783	1.87514142787735e-153	-351.66683514331	0	1
rs7953356	-21.927582427568	1.41761878078118e-106	-243.725041308294	0	1
rs11171573	-26.3560998807182	4.36925812744291e-153	-350.82092599828	0	1
rs10876814	-26.3560998807182	4.36925812744291e-153	-350.82092599828	0	1
rs4759162	-26.3560998807182	4.36925812744291e-153	-350.82092599828	0	1
rs4759163	-26.3513962419689	4.94674463578795e-153	-350.69678951719	0	1
rs4759164	-8.16315761487504	3.26378175482804e-16	-35.658474917368	0	1
rs11171574	-25.6526710227111	3.94764912327876e-145	-332.501718241064	0	1
rs55685136	-13.0970461180032	3.42323110401389e-39	-88.5702337544494	0	1
rs10783759	-28.6584371289454	1.25841660893958e-180	-414.235462467795	0	1
rs11171575	-8.18070290455556	2.82192879760315e-16	-35.8039408659749	0	1
rs10876815	-26.3560998807182	4.36925812744291e-153	-350.82092599828	0	1
rs11171576	-16.0838332069657	3.31234082240214e-58	-132.352280257111	0	1
rs10876816	-26.3560998807182	4.36925812744291e-153	-350.82092599828	0	1
rs10876817	-39.5475551269497	0	-Inf	0	1
rs56315406	-13.0059711107068	1.13152303550462e-38	-87.3746689895116	0	1
rs7313943	-16.049546002647	5.75837224865437e-58	-131.799280554604	0	1
rs7299541	-29.096056277485	4.02695334618471e-186	-426.887817200344	0	1
rs7299562	-29.105545760787	3.05424738373482e-186	-427.164294090189	0	1
rs4387385	-15.9329781076673	3.74106780279495e-57	-129.927979221215	0	1
rs12368145	-6.96559197352043	3.27025689236152e-12	-26.4461525737499	0	1
rs1896035	-29.1611225550176	6.03802988126936e-187	-428.785334609745	0	1
rs12366432	-8.23048711944982	1.8645365425783e-16	-36.2183489683298	0	1
rs10876818	-26.3347481151254	7.67464994948277e-153	-350.257596544844	0	1
rs7134292	-25.6421484731156	5.17275497292065e-145	-332.231433060771	0	1
rs7305194	-26.3774528816487	2.48625086082645e-153	-351.384743330668	0	1
rs74579314	-22.5173883148655	2.80414968062312e-112	-256.858430066479	0	1
rs11171579	-26.3774528816487	2.48625086082645e-153	-351.384743330668	0	1
rs11171580	-21.9338799313963	1.23439838418482e-106	-243.863436144291	0	1
rs7137741	-28.6916238101399	4.85328468502891e-181	-415.188246101561	0	1
rs9669106	-16.6538486670913	2.83752374583679e-62	-141.717344014281	0	1
rs9668674	-16.6887994056408	1.58118572765922e-62	-142.302100739503	0	1
rs7138577	-26.3560998807182	4.36925812744291e-153	-350.82092599828	0	1
rs10783760	-26.3560998807182	4.36925812744291e-153	-350.82092599828	0	1
rs1896034	-39.1541078776902	0	-Inf	0	1
rs1896033	-28.6694984296982	9.16135078814413e-181	-414.552908198154	0	1
rs10876819	-26.3774528816487	2.48625086082645e-153	-351.384743330668	0	1
rs11171581	-25.6737163350098	2.29839885587247e-145	-333.042625753247	0	1
rs10876820	-26.3774528816487	2.48625086082645e-153	-351.384743330668	0	1
rs10876821	-26.3774528816487	2.48625086082645e-153	-351.384743330668	0	1
rs11171582	-26.3881298516783	1.87514142787735e-153	-351.66683514331	0	1
rs10876822	-26.3807579796775	2.27838175259876e-153	-351.472053794752	0	1
rs10783761	-26.3774528816487	2.48625086082645e-153	-351.384743330668	0	1
rs11171583	-16.6910225780871	1.52339014672359e-62	-142.339337554646	0	1
rs10876823	-26.3774528816487	2.48625086082645e-153	-351.384743330668	0	1
rs1896030	-26.3774528816487	2.48625086082645e-153	-351.384743330668	0	1
rs1896029	-26.3774528816487	2.48625086082645e-153	-351.384743330668	0	1
rs58285384	-16.6109798559719	5.80374093197947e-62	-141.001773067722	0	1
rs4529917	-19.3895443501032	9.45709260110098e-84	-191.170382811709	0	1
rs56254002	-12.2923187797292	9.96072469866658e-35	-78.2918284249317	0	1
rs11171585	-21.927582427568	1.41761878078118e-106	-243.725041308294	0	1
rs4759165	-26.3774528816487	2.48625086082645e-153	-351.384743330668	0	1
rs11171586	-28.6916238101399	4.85328468502891e-181	-415.188246101561	0	1
rs11171587	-26.3560998807182	4.36925812744291e-153	-350.82092599828	0	1
rs11171588	-25.6526710227111	3.94764912327876e-145	-332.501718241064	0	1
rs11171589	-26.3560998807182	4.36925812744291e-153	-350.82092599828	0	1
rs11171590	-26.3988071363938	1.41406723740275e-153	-351.949049110541	0	1
rs11534917	-16.6016438057714	6.78082144991728e-62	-140.846177513213	0	1
rs11171591	-26.3347481151254	7.67464994948277e-153	-350.257596544844	0	1
rs11171592	-26.3560998807182	4.36925812744291e-153	-350.82092599828	0	1
rs11533646	-21.927582427568	1.41761878078118e-106	-243.725041308294	0	1
rs11171593	-25.6526710227111	3.94764912327876e-145	-332.501718241064	0	1
rs9795693	-26.3560998807182	4.36925812744291e-153	-350.82092599828	0	1
rs4631921	-26.2939292569899	2.25016962459906e-152	-349.18192853301	0	1
rs4503584	-21.9067549564604	2.23983927705129e-106	-243.267615745393	0	1
rs191152992	-12.2787294765399	1.17834201509465e-34	-78.1237847833129	0	1
rs7486279	-26.3017602695464	1.83083092834703e-152	-349.388164212089	0	1
rs4256176	-21.2131957835765	7.21416769915109e-100	-228.282462470846	0	1
rs4315721	-25.6526710227111	3.94764912327876e-145	-332.501718241064	0	1
rs4317141	-25.6526710227111	3.94764912327876e-145	-332.501718241064	0	1
rs11537921	-16.6993635729759	1.32470210600013e-62	-142.47908815713	0	1
rs4501156	-26.3560998807182	4.36925812744291e-153	-350.82092599828	0	1
rs4572811	-28.6584371289454	1.25841660893958e-180	-414.235462467795	0	1
rs11537924	-16.6881757689425	1.59778722080743e-62	-142.29165608059	0	1
rs149526946	-12.2923187797292	9.96072469866658e-35	-78.2918284249317	0	1
rs7399196	-8.23854619611808	1.74315757426515e-16	-36.2856633213996	0	1
rs7399219	-24.1696114989224	4.64515598488095e-129	-295.497652043285	0	1
rs7397992	-24.1696114989224	4.64515598488095e-129	-295.497652043285	0	1
rs4558200	-24.0640928084901	5.94397983761668e-128	-292.948512987885	0	1
rs148698470	-26.3333079627507	7.97173553490203e-153	-350.219617000536	0	1
rs11531173	-16.6993635729759	1.32470210600013e-62	-142.47908815713	0	1
rs76124893	-29.1500537492071	8.34092466878477e-187	-428.462238308105	0	1
rs187881829	-11.7732243828082	5.36345724155654e-32	-72.0031142009018	0	1
rs192396419	-11.7732243828082	5.36345724155654e-32	-72.0031142009018	0	1
rs139781066	-12.2787294765399	1.17834201509465e-34	-78.1237847833129	0	1
rs7967746	-24.9219057503683	4.30734839537947e-137	-313.993835246885	0	1
rs200914299	-15.9136995019025	5.09139672019641e-57	-129.619798102987	0	1
rs7954959	-25.3234168883321	1.76420896897192e-141	-324.096795698456	0	1
rs28887802	-26.0884863568307	4.92564093883424e-150	-343.793309543085	0	1
rs370400350	-5.71933576507096	1.06941284359558e-08	-18.353570990397	0	1
rs11559929	-25.6526710227111	3.94764912327876e-145	-332.501718241064	0	1
rs4759166	-26.3667762257394	3.29611855447997e-153	-351.10277364749	0	1
rs4759167	-26.2493530760797	7.27022246791243e-152	-348.009147243204	0	1
rs11534920	-14.7595042353061	2.67237983828115e-49	-111.843700156092	0	1
rs4759168	-26.3347481151254	7.67464994948277e-153	-350.257596544844	0	1
rs4759169	-26.3560998807182	4.36925812744291e-153	-350.82092599828	0	1
rs4759170	-25.6526710227111	3.94764912327876e-145	-332.501718241064	0	1
rs11171595	-25.645480213141	4.74854079194612e-145	-332.317001114982	0	1
rs11832252	-27.9200763543119	1.52242275929605e-171	-393.321747915477	0	1
rs7311749	-26.3560998807182	4.36925812744291e-153	-350.82092599828	0	1
rs7315290	-26.3667762257394	3.29611855447997e-153	-351.10277364749	0	1
rs11171598	-26.3560998807182	4.36925812744291e-153	-350.82092599828	0	1
rs11171599	-26.3487861172019	5.29946307504366e-153	-350.627913719258	0	1
rs1896028	-9.76597257133226	1.57592592256381e-22	-50.2020290589874	0	1
rs56058167	-25.6244764332228	8.1424057083161e-145	-331.777752806224	0	1
rs11171600	-26.3560998807182	4.36925812744291e-153	-350.82092599828	0	1
rs11171601	-26.3560998807182	4.36925812744291e-153	-350.82092599828	0	1
rs11171602	-26.345423844431	5.79108063273607e-153	-350.539200316141	0	1
rs11523594	-8.19532753702539	2.49911707458854e-16	-35.9254239885744	0	1
rs11531175	-16.690423388643	1.5387567148411e-62	-142.329301003295	0	1
rs11534885	-14.8671189474046	5.38826922232068e-50	-113.445030425379	0	1
rs11532451	-16.690423388643	1.5387567148411e-62	-142.329301003295	0	1
rs4016597	-26.3560998807182	4.36925812744291e-153	-350.82092599828	0	1
rs111483828	-26.3667762257394	3.29611855447997e-153	-351.10277364749	0	1
rs146961298	-26.3560998807182	4.36925812744291e-153	-350.82092599828	0	1
rs113074725	-26.3741593406298	2.71222738366701e-153	-351.29774901799	0	1
rs4759171	-8.25099185441197	1.57085259442251e-16	-36.3897429621726	0	1
rs4759172	-25.663193644636	3.01235645069681e-145	-332.772115837676	0	1
rs11171603	-26.3513962419689	4.94674463578795e-153	-350.69678951719	0	1
rs11536136	-21.9170973163432	1.78481190663554e-106	-243.494706822123	0	1
rs11171604	-26.3560998807182	4.36925812744291e-153	-350.82092599828	0	1
rs62026077	-28.8115281056667	1.53824634496911e-182	-418.639843894377	0	1
rs7397207	-8.21828610478977	2.06432018507098e-16	-36.1165605238907	0	1
rs113065287	-26.3557833009076	4.40591944933314e-153	-350.812570261916	0	1
rs146823928	-26.3557833009076	4.40591944933314e-153	-350.812570261916	0	1
rs181017073	-26.3584986989934	4.10118561869878e-153	-350.884243120889	0	1
rs140793279	-8.0299354729598	9.75239455825903e-16	-34.5638486373298	0	1
rs200198953	-26.3036558962989	1.74165871411348e-152	-349.438096191982	0	1
rs201250931	-26.243597859477	8.45755129771482e-152	-347.857874448089	0	1
rs148541886	-18.4017681670522	1.27147342032952e-75	-172.453705573076	0	1
rs183450071	-28.6501505458368	1.59614117388168e-180	-413.997727788999	0	1
rs146494909	-8.02339406598398	1.02862696140455e-15	-34.510551529147	0	1
rs140770499	-5.76349414410802	8.23901131371093e-09	-18.6143854864241	0	1
rs7972660	-26.3696658682465	3.05396752499385e-153	-351.179077654946	0	1
rs7972344	-25.66615083821	2.79187207539789e-145	-332.848126118553	0	1
rs11514180	-6.85511980833173	7.12527776045154e-12	-25.6673724066107	0	1
rs146732443	-8.14967919826401	3.64890951104622e-16	-35.5469331290461	0	1
rs112841717	-8.10068789295449	5.46492882293616e-16	-35.1430103905264	0	1
rs190656325	-8.34345723432604	7.21495410224921e-17	-37.1677907501278	0	1
rs11536179	-16.5589101927978	1.38072297726337e-61	-140.135083414086	0	1
rs7397480	-16.2533837133156	2.11369313489766e-59	-135.104083768253	0	1
rs2194987	-28.6501505458368	1.59614117388168e-180	-413.997727788999	0	1
rs11171610	-16.7087137290625	1.13252134714106e-62	-142.635829337861	0	1
rs10876828	-26.3589898747585	4.04835550213813e-153	-350.897208478286	0	1
rs12230307	-21.911340840289	2.02531108725057e-106	-243.368296545276	0	1
rs10876829	-25.6861374425181	1.66988934667498e-145	-333.362081119379	0	1
rs61411633	-8.22576249927178	1.93952996479239e-16	-36.178915830375	0	1
rs7966938	-21.9140100764777	1.910016528174e-106	-243.426907961854	0	1
rs4759173	-25.6310487951345	6.87846190974418e-145	-331.946443416815	0	1
rs10747758	-29.0708736433916	8.38355620095419e-186	-426.154555104761	0	1
rs59264836	-9.24508474877615	2.35054362583782e-20	-45.1970552283338	0	1
rs73327966	-3.42776124198827	0.000608580441067192	-7.40438145860049	0	1
rs12229232	-16.4928985534043	4.12668741995307e-61	-139.040215664993	0	1
rs2555033	-28.7283791448036	1.687305499935e-181	-416.244768954098	0	1
rs2371188	-44.4726216300998	0	-Inf	0	1
rs1863550	-6.47770021886989	9.31311504580902e-11	-23.0970123962222	0	1
rs55853765	-3.4000566768527	0.000673718868202302	-7.30269764355846	0	1
rs11171611	-5.80252498181553	6.53236575766186e-09	-18.8464966686628	0	1
rs12319052	-5.84419051668453	5.09037441975562e-09	-19.095914449216	0	1
rs7295101	-6.02619069325896	1.67869107700649e-09	-20.2052514680331	0	1
rs1574319	-6.60625010090546	3.94176760874502e-11	-23.9568067685686	0	1
rs1317711	-8.38080546336412	5.25667206820357e-17	-37.4844484410331	0	1
rs4545598	-6.60625010090546	3.94176760874502e-11	-23.9568067685686	0	1
rs4268543	-6.60625010090546	3.94176760874502e-11	-23.9568067685686	0	1
rs4759006	-15.2193259560039	2.63229083064678e-52	-118.766570330366	0	1
rs7957262	-6.60625010090546	3.94176760874502e-11	-23.9568067685686	0	1
rs10783762	-19.4821916243447	1.55479373435432e-84	-192.975804921384	0	1
rs11171613	-6.60625010090546	3.94176760874502e-11	-23.9568067685686	0	1
rs11171614	-6.60625010090546	3.94176760874502e-11	-23.9568067685686	0	1
rs11171615	-6.60625010090546	3.94176760874502e-11	-23.9568067685686	0	1
rs11609481	-19.5659532789749	3.01708583279622e-85	-194.615441495005	0	1
rs76655530	-6.60625010090546	3.94176760874502e-11	-23.9568067685686	0	1
rs73329936	-6.60625010090546	3.94176760874502e-11	-23.9568067685686	0	1
rs12308892	-6.60625010090546	3.94176760874502e-11	-23.9568067685686	0	1
rs7973424	-5.6965769762073	1.22236715816629e-08	-18.2198914715665	0	1
rs12314499	-6.23591276063	4.49151371538133e-10	-21.5236611546275	0	1
rs12307395	-6.24906058551097	4.12928731115181e-10	-21.6077461017441	0	1
rs11171617	-6.24906058551097	4.12928731115181e-10	-21.6077461017441	0	1
rs11171618	-6.2560592521312	3.9482679123159e-10	-21.6525739504092	0	1
rs10506345	-8.25219901234743	1.55506176439065e-16	-36.399846223197	0	1
rs11171619	-6.29754323416783	3.0240003268457e-10	-21.9192703635393	0	1
rs73329943	-6.28302291386842	3.32052097624263e-10	-21.8257292387678	0	1
rs73114979	-12.6251966479344	1.53357870549842e-36	-82.4654593204363	0	1
rs12315025	-6.59849198743283	4.15360924000414e-11	-23.9044583702721	0	1
rs12308737	-6.58266090923686	4.62102249812062e-11	-23.797820022389	0	1
rs12310127	-6.59849198743283	4.15360924000414e-11	-23.9044583702721	0	1
rs12310130	-6.295843593711	3.05732529756294e-10	-21.9083104819756	0	1
rs73329946	-6.295843593711	3.05732529756294e-10	-21.9083104819756	0	1
rs1405283	-15.3492130576656	3.58508877708088e-53	-120.760226691458	0	1
rs17117814	-6.59849198743283	4.15360924000414e-11	-23.9044583702721	0	1
rs59430466	-6.295843593711	3.05732529756294e-10	-21.9083104819756	0	1
rs73114980	-9.78526184073459	1.30257693285157e-22	-50.3925274874389	0	1
rs11171620	-6.48681098503688	8.76722121893032e-11	-23.1574161175073	0	1
rs10783763	-19.6583257475985	4.90653979080712e-86	-196.431749031041	0	1
rs73114982	-12.9905188169512	1.38485074586522e-38	-87.1726411646597	0	1
rs3858540	-29.504416412375	2.52687171198536e-191	-438.866770701668	0	1
rs7967574	-19.7054828171732	1.93487802531847e-86	-197.362273709004	0	1
rs7954307	-19.7037613997699	2.00180862555113e-86	-197.328266912797	0	1
rs2550670	-17.5240829899451	9.38423726174477e-69	-156.63934002191	0	1
rs11171623	-13.1857804437069	1.05951807805621e-39	-89.7430044653686	0	1
rs10876834	-21.0158310656177	4.69943634046734e-98	-224.105896539452	0	1
rs10876835	-28.0869149349825	1.4154776127623e-173	-397.999754078306	0	1
rs3953273	-43.0030771172719	0	-Inf	0	1
rs11171625	-16.5594111005361	1.36927665858755e-61	-140.143408058663	0	1
rs11171626	-16.5834042934723	9.1873654134256e-62	-140.542446550078	0	1
rs11171627	-29.6754798215517	1.59142020191873e-193	-443.934296121538	0	1
rs12227020	-17.8766069190455	1.79429956929918e-71	-162.898926868879	0	1
rs2555034	-44.919124324748	0	-Inf	0	1
rs10876836	-17.7866702144623	8.96516019859576e-71	-161.290195626344	0	1
rs10876837	-14.9169675041657	2.55629657137752e-50	-114.190695090427	0	1
rs11171629	-17.6686091812316	7.31789236596137e-70	-159.190634151217	0	1
rs7977603	-43.0680912218237	0	-Inf	0	1
rs1474447	-43.0788686350858	0	-Inf	0	1
rs2550671	-11.0568394776113	2.03129519368523e-28	-63.763708987786	0	1
rs10876838	-21.0036402408332	6.07478274706025e-98	-223.84919288663	0	1
rs7970885	-20.8719202687417	9.63832776446411e-97	-221.085006395264	0	1
rs11171631	-17.7392078121262	2.08858741319644e-70	-160.444468550969	0	1
rs2555035	-41.8275245766847	0	-Inf	0	1
rs7309433	-20.6097280099108	2.24489624062428e-94	-215.634339439299	0	1
rs10876839	-19.5509357933319	4.05023106577005e-85	-194.320958971726	0	1
rs2555036	-27.5816177836326	1.84899021413159e-167	-383.917070870134	0	1
rs3847676	-19.6532681200412	5.42076343833001e-86	-196.332081336175	0	1
rs2555037	-17.6157604437724	1.864664423571e-69	-158.255290313425	0	1
rs2694014	-43.9996097047577	0	-Inf	0	1
rs7978340	-22.504248492685	3.77148917415783e-112	-256.56206048546	0	1
rs58126534	-13.1353127485412	2.06635944500943e-39	-89.0750302900758	0	1
rs56243753	-14.2250252603679	6.4081207838439e-46	-104.061348219223	0	1
rs56377768	-14.2016571443298	8.94713415411368e-46	-103.727581002961	0	1
rs7133243	-34.7456682601405	1.61133052927138e-264	-607.405404297029	0	1
rs7304449	-26.6176932815072	4.23635276097934e-156	-357.759571805892	0	1
rs7133382	-44.7603648554377	0	-Inf	0	1
rs3953272	-34.7298928622065	2.78853381539444e-264	-606.856948606921	0	1
rs4016600	-26.561122015184	1.91063506287609e-155	-356.25325373363	0	1
rs10876840	-26.5911181462239	8.59958958281784e-156	-357.051560027879	0	1
rs1534232	-26.1338718109936	1.50328630872872e-150	-344.980110364974	0	1
rs11171632	-13.8331985941998	1.60712252157803e-43	-98.5367136724692	0	1
rs1534231	-26.6829588885279	7.42235187258528e-157	-359.501363629148	0	1
rs1534230	-24.718904646553	6.69843866443898e-135	-308.947113090114	0	1
rs12300595	-26.5070255933777	8.04352268496245e-155	-354.815822281948	0	1
rs66592094	-14.1048861344354	3.54360770651493e-45	-102.351183850409	0	1
rs10876841	-13.8206473074282	1.9134147771475e-43	-98.3622695115331	0	1
rs4759176	-11.807912552256	3.55272313154214e-32	-72.4150085870695	0	1
rs7139287	-26.1159559414232	2.40220704261618e-150	-344.511376033237	0	1
rs10876842	-35.0157794698755	1.29433220684309e-268	-616.834810030648	0	1
rs73117220	-14.0365683554508	9.31134582017357e-45	-101.385095547481	0	1
rs1526419	-26.7145256759743	3.19160335608067e-157	-360.345336190078	0	1
rs11171634	-26.556229442782	2.17615514165271e-155	-356.12312979091	0	1
rs10783764	-44.8513483155983	0	-Inf	0	1
rs17511746	-14.0365683554508	9.31134582017357e-45	-101.385095547481	0	1
rs10876843	-26.1263943395129	1.82818969516233e-150	-344.784437709488	0	1
rs10783765	-34.6758593498991	1.82139664023987e-263	-604.980275865887	0	1
rs73117228	-12.8216420917782	1.24045284049665e-37	-84.9801719338809	0	1
rs17117846	-14.0900661814524	4.37151746321857e-45	-102.141218990313	0	1
rs10783766	-26.0594844432356	1.05040292590947e-149	-343.036005026591	0	1
rs11171636	-13.6755184552358	1.42190200558514e-42	-96.3565784898341	0	1
rs11171637	-11.867829184519	1.73922110685966e-32	-73.1292856025394	0	1
rs11171638	-14.1308833698913	2.45050947168165e-45	-102.720033234168	0	1
rs7307979	-44.7621486059126	0	-Inf	0	1
rs7295016	-44.4843274306636	0	-Inf	0	1
rs73117233	-13.9929244373714	1.72183434276354e-44	-100.770353890846	0	1
rs11171639	-21.3645299752622	2.85714095065457e-101	-231.511272935171	0	1
rs4759179	-13.0233863876906	9.0085365111678e-39	-87.6026459977338	0	1
rs4759181	-42.8572560954584	0	-Inf	0	1
rs7299109	-22.0772797427864	5.22611409116952e-108	-247.025522045045	0	1
rs4759182	-12.165501298328	4.74523248466979e-34	-76.7307527352205	0	1
rs56155734	-25.2113178764084	3.0101411407206e-140	-321.2599260509	0	1
rs7965342	-36.0134080527037	5.15998879237418e-284	-652.293232002838	0	1
rs7965259	-44.9203429704131	0	-Inf	0	1
rs34817228	-19.8424850550566	1.27973866444382e-87	-200.078247201799	0	1
rs7965874	-44.9263642250347	0	-Inf	0	1
rs6581075	-46.6813392087141	0	-Inf	0	1
rs7303831	-11.8755838140062	1.58523465249277e-32	-73.2219905337011	0	1
rs78904451	-7.82836530712832	4.94254070845192e-15	-32.9408968824729	0	1
rs79281641	-13.5974241965557	4.1478594902798e-42	-95.2859814900451	0	1
rs34372941	-19.8469334838313	1.17134782764858e-87	-200.16674801526	0	1
rs73332253	-4.35626797277014	1.32298794123907e-05	-11.2330326945886	0	1
rs11171640	-13.0059935222046	1.13119133638285e-38	-87.3749621764275	0	1
rs7977724	-21.42471201188	7.86194389973856e-102	-232.801645594041	0	1
rs7952953	-13.5687232657028	6.13819030851342e-42	-94.8940439450618	0	1
rs7953011	-23.9450539082492	1.04042438987675e-126	-290.086093020144	0	1
rs7953023	-23.9450539082492	1.04042438987675e-126	-290.086093020144	0	1
rs7302443	-26.6324362677635	2.85941644156683e-156	-358.152656944469	0	1
rs55819151	-13.057695545387	5.74403405200294e-39	-88.0526568667659	0	1
rs3858536	-15.1766057422593	5.05259485811777e-52	-118.11452289108	0	1
rs55847809	-13.2135309878723	7.33034604682308e-40	-90.1113809953155	0	1
rs12229912	-26.8258929020392	1.61225844890211e-158	-363.330808733723	0	1
rs117587508	-12.8899562869667	5.12728650728555e-38	-85.8636569604806	0	1
rs147640448	-13.0386221989616	7.37782509020627e-39	-87.802339734813	0	1
rs4759183	-46.9157805922328	0	-Inf	0	1
rs73117248	-9.03713374375424	1.60833540194358e-19	-43.2739170345823	0	1
rs10876844	-27.1273763140502	4.68245784077909e-162	-371.474961913311	0	1
rs55644943	-12.6820163683801	7.43931479063868e-37	-83.1888696942084	0	1
rs56265831	-19.9902944956755	6.68998123156377e-89	-203.02946220778	0	1
rs7305998	-19.7905017843197	3.59445389193664e-87	-199.045511018515	0	1
rs4759184	-15.7050653718739	1.3963368213662e-55	-126.308327863384	0	1
rs941024	-20.1411228343105	3.21954094944326e-90	-206.063419582355	0	1
rs11171644	-9.40250671110647	5.32783556061527e-21	-46.681341883361	0	1
rs10783767	-26.5511970596445	2.4877459643398e-155	-355.989312348778	0	1
rs10876845	-26.4700321661558	2.14593667372267e-154	-353.834528186293	0	1
rs10783768	-26.1749868334933	5.12090550444435e-151	-346.05701776235	0	1
rs10876846	-26.5796054368252	1.16839470639664e-155	-356.745058653199	0	1
rs11171645	-8.69570034272164	3.44697032622075e-18	-40.2090359949763	0	1
rs11171646	-26.5796054368252	1.16839470639664e-155	-356.745058653199	0	1
rs566831202	-5.72125160052806	1.05742170254424e-08	-18.3648471549025	0	1
rs181536359	-7.03637827065788	1.97300860509436e-12	-26.9514615274711	0	1
rs185662890	-9.79493196535136	1.18377083623703e-22	-50.488167078616	0	1
rs11171649	-26.9110254986625	1.63179326542022e-159	-365.621350213136	0	1
rs11171650	-26.5666623954247	1.64880970366592e-155	-356.40063577821	0	1
rs11171651	-26.5694556735242	1.53071786400273e-155	-356.47495259655	0	1
rs11608926	-26.6167348346749	4.34597353918267e-156	-357.734024713801	0	1
rs139125334	-11.2228375335	3.14998169640137e-29	-65.6275710546729	0	1
rs11614818	-26.2016288881177	2.54621150496703e-151	-346.755742471981	0	1
rs56146422	-11.237406375779	2.67115047224266e-29	-65.7924584287405	0	1
rs10876848	-28.705050003198	3.29985856722906e-181	-415.574022222784	0	1
rs12318505	-9.0988169423157	9.13211177895838e-20	-43.8399048909293	0	1
rs950166	-28.6441039494752	1.89841082002742e-180	-413.824299613254	0	1
rs10876849	-28.8711320534167	2.75139846517894e-183	-420.360962702699	0	1
rs2694009	-32.3254201166808	3.07404240989566e-229	-526.168992854293	0	1
rs2555032	-20.2803084583384	1.91924019149583e-91	-208.883314088338	0	1
rs11171653	-19.3449577362539	2.24788573681609e-83	-190.304572616585	0	1
rs11836602	-6.37817210903496	1.79214049906692e-10	-22.4424402149639	0	1
rs11836603	-6.3798689918632	1.77239539263045e-10	-22.4535189691095	0	1
rs11836612	-6.3798689918632	1.77239539263045e-10	-22.4535189691095	0	1
rs73117264	-13.1311545267671	2.18302664640946e-39	-89.0201063429486	0	1
rs12318234	-10.2216913016242	1.58550064823518e-24	-54.8011420080087	0	1
rs138241980	-6.3798689918632	1.77239539263045e-10	-22.4535189691095	0	1
rs114865750	-5.4490299133162	5.0645295729025e-08	-16.7984194885706	0	1
rs61509760	-6.3798689918632	1.77239539263045e-10	-22.4535189691095	0	1
rs144160074	-5.4490299133162	5.0645295729025e-08	-16.7984194885706	0	1
rs59077931	-6.3798689918632	1.77239539263045e-10	-22.4535189691095	0	1
rs4759185	-16.3457400822063	4.66472616200606e-60	-136.615076447601	0	1
rs58341619	-6.36678431931922	1.93032309868794e-10	-22.3681635323883	0	1
rs73332259	-4.4313226052288	9.36568453128825e-06	-11.5784581301011	0	1
rs149874092	-13.1993955440415	8.84418650422913e-40	-89.9236433687677	0	1
rs144901617	-6.3798689918632	1.77239539263045e-10	-22.4535189691095	0	1
rs7300064	-18.3106001664631	6.81148786128871e-75	-170.775271396422	0	1
rs7314438	-18.3106001664631	6.81148786128871e-75	-170.775271396422	0	1
rs142610235	-6.18493562416444	6.21278182619308e-10	-21.1992421751695	0	1
rs7966013	-7.77474237735144	7.56011054308018e-15	-32.5158905827256	0	1
rs77843020	-8.75538155102488	2.03414157238016e-18	-40.7364577757485	0	1
rs4759186	-17.6946350637078	4.61208434573993e-70	-159.652276619022	0	1
rs57862109	-20.7896316242029	5.37216607448431e-96	-219.366937734412	0	1
rs35741417	-24.8422084711886	3.1391824278128e-136	-312.007610254481	0	1
rs2098925	-40.7175914522107	0	-Inf	0	1
rs2098926	-40.7234582745	0	-Inf	0	1
rs35122484	-18.3646865480388	2.51899903543836e-75	-171.770020360098	0	1
rs34955937	-17.9453440975456	5.21863435538448e-72	-164.133890945647	0	1
rs12368280	-38.001345511878	0	-Inf	0	1
rs6581076	-39.1248371292099	0	-Inf	0	1
rs7136558	-38.1329758113793	0	-Inf	0	1
rs7307776	-38.1984629174046	0	-Inf	0	1
rs7136568	-39.1502195866462	0	-Inf	0	1
rs7136793	-23.0972212597449	4.93748734194644e-118	-270.10818440673	0	1
rs7136704	-38.161639577132	0	-Inf	0	1
rs12313602	-19.4571910574115	2.5329220601546e-84	-192.487774210731	0	1
rs4533076	-37.5318348299502	0	-Inf	0	1
rs55874825	-19.4010275634741	7.56442122526321e-84	-191.393691974091	0	1
rs55927117	-19.4179808056217	5.43866126209982e-84	-191.723614872443	0	1
rs7135552	-21.9615604609775	6.71529840613962e-107	-244.472216682635	0	1
rs11171656	-6.73197174185251	1.67379154840523e-11	-24.8133445816763	0	1
rs4759187	-20.6702319691355	6.42069323598202e-95	-216.886057741879	0	1
rs3892229	-9.41686238148423	4.64768745549485e-21	-46.81791717838	0	1
rs3847674	-24.1317601543588	1.160600752415e-128	-294.581954142165	0	1
rs6581077	-15.496313204615	3.67376947678057e-54	-123.038376781334	0	1
rs6581078	-15.259460883995	1.42420123973181e-52	-119.380813712649	0	1
rs6581079	-15.6231490141678	5.06415172146675e-55	-125.019993469484	0	1
rs10747759	-40.8133021412292	0	-Inf	0	1
rs2293409	-40.5392474215074	0	-Inf	0	1
rs1048103	-34.1245103974006	3.19449689381618e-255	-585.997769104776	0	1
rs12320702	-5.37585951892826	7.62182026031443e-08	-16.3896655234746	0	1
rs3852533	-35.2844965349164	1.01537783611484e-272	-626.287884498826	0	1
rs11171657	-35.1202446222719	3.30952855284715e-270	-620.501169360312	0	1
rs17117860	-7.76404836429931	8.2260506516357e-15	-32.4314703676165	0	1
rs17117863	-6.11678171689414	9.54840143567929e-10	-20.769477178393	0	1
rs3782239	-35.1579425982837	8.79028418940406e-271	-621.826913159222	0	1
rs7306191	-38.6060917395643	0	-Inf	0	1
rs11829739	-7.10256441442306	1.22462919410619e-12	-27.4283830164432	0	1
rs12578695	-36.8014240391138	1.75192813481649e-296	-681.004470553505	0	1
rs12578705	-13.8079086601305	2.28365543043165e-43	-98.185381580664	0	1
rs189629168	-4.733149265149	2.21062796717752e-06	-13.0222339347529	0	1
rs112252680	-4.84830113478934	1.24523275602762e-06	-13.5961880928884	0	1
rs3782240	-35.0634017241588	2.43649077623395e-269	-618.504831217766	0	1
rs12228300	-35.0308072499551	7.6432985062233e-269	-617.361560763741	0	1
rs12228282	-38.4415950058179	0	-Inf	0	1
rs12228579	-35.063701154708	2.41102308338532e-269	-618.51533884205	0	1
rs7397549	-31.5785525046583	7.274509551596e-219	-502.281758970499	0	1
rs7397816	-35.0217658231923	1.04936946751218e-268	-617.044615445743	0	1
rs12425727	-35.0791085193251	1.40390080117496e-269	-619.056135366725	0	1
rs77735170	-5.82358282018962	5.7599250139705e-09	-18.9723413807313	0	1
rs7953669	-38.7791962531472	0	-Inf	0	1
rs11831381	-5.39303899072375	6.92759126338202e-08	-16.4851685722124	0	1
rs2293410	-34.9976283861706	2.44469938707037e-268	-616.19888275711	0	1
rs116677242	-4.79319490506282	1.64146011276964e-06	-13.319924399557	0	1
rs4143553	-34.9916779780703	3.01115701155388e-268	-615.990480528282	0	1
rs12304445	-34.9757169226358	5.26539743282034e-268	-615.431648293851	0	1
rs3817532	-35.4760186417004	1.15201197395758e-275	-633.069390617082	0	1
rs1800974	-35.3713840175458	4.70403030835801e-274	-629.35989582669	0	1
rs61094294	-5.07343114318576	3.90705893002358e-07	-14.7553107518091	0	1
rs2293411	-38.796473007806	0	-Inf	0	1
rs7974721	-35.4815073862168	9.48021241917658e-276	-633.264278943255	0	1
rs2293412	-38.7172882848463	0	-Inf	0	1
rs11171659	-34.0961127628252	8.42255200471263e-255	-585.028285842704	0	1
rs11171660	-43.542890119937	0	-Inf	0	1
rs147754301	-5.10303786288354	3.34244096507155e-07	-14.9113942830286	0	1
rs10783769	-35.6478846816708	2.54097577385054e-278	-639.186107682153	0	1
rs10783770	-35.522746973393	2.19011462197474e-276	-634.729531785097	0	1
rs7970844	-35.526434545355	1.92100936129103e-276	-634.860634909448	0	1
rs2293413	-35.595493240775	1.64493875713021e-277	-637.318367605534	0	1
rs2293414	-35.6452994591768	2.78646830042379e-278	-639.093880900508	0	1
rs17117895	-7.1248617887643	1.04185179722105e-12	-27.5900214118674	0	1
rs7311880	-41.8539182787682	0	-Inf	0	1
rs3844368	-35.1541559250491	1.00430318902144e-270	-621.693681151613	0	1
rs12305504	-35.9488143428396	5.28194933198602e-283	-649.967286096067	0	1
rs3915761	-35.1541559250491	1.00430318902144e-270	-621.693681151613	0	1
rs3852534	-35.9457414042875	5.89936282942987e-283	-649.856736967247	0	1
rs60169753	-8.69813886787292	3.37371529629558e-18	-40.2305170749845	0	1
rs73119213	-7.83627159254566	4.64121428962759e-15	-33.0038003625593	0	1
rs3759097	-34.8077851944353	1.85454331526106e-265	-609.567411168907	0	1
rs114066960	-5.31891613501746	1.04387235059503e-07	-16.0751584385184	0	1
rs78694778	-5.31724664274577	1.05349223442341e-07	-16.0659850679399	0	1
rs12578814	-16.3505145699403	4.31322245150964e-60	-136.693420286328	0	1
rs80262739	-8.77610115886176	1.69239610019249e-18	-40.9203863383377	0	1
rs7959622	-10.4128612129458	2.16611616599042e-25	-56.7916915461359	0	1
rs4759189	-32.566954902937	1.20494705893783e-232	-534.013305943133	0	1
rs7311834	-9.59967351903649	8.01980473015021e-22	-48.5749579721486	0	1
rs1852334	-32.7536746931223	2.69165814429337e-235	-540.117339439372	0	1
rs4457792	-10.2799954446749	8.67317007439422e-25	-55.4043929637026	0	1
rs941022	-39.637735112884	0	-Inf	0	1
rs3138144	-25.9958573251428	5.51613233320856e-149	-341.377501905678	0	1
rs3138142	-15.4537127367888	7.12201979544224e-54	-122.376403657349	0	1
rs3138141	-15.5003366338587	3.45079396869892e-54	-123.100990681258	0	1
rs3138140	-15.00266840379	7.05259849368472e-51	-115.478443613117	0	1
rs3138139	-15.0606474028817	2.93894868899348e-51	-116.353787814074	0	1
rs3138138	-37.5692496374564	0	-Inf	0	1
rs3138137	-27.1633010786666	1.76352278925733e-162	-372.451471671682	0	1
rs13193	-10.220493600829	1.60521398363022e-24	-54.7887851610278	0	1
rs772258	-4.05856235701853	4.93757495203309e-05	-9.91605115469961	0	1
rs3138132	-15.3203427424475	5.59218505300488e-53	-120.315639831846	0	1
rs772254	-16.2921893689017	1.12141754602242e-59	-135.73792693553	0	1
rs4759008	-18.2688649912012	1.46465413349007e-74	-170.009677753318	0	1
rs2462936	-51.3439092527361	0	-Inf	0	1
rs58599597	-9.33816651589211	9.80166799089091e-21	-46.0717343785292	0	1
rs9739244	-9.85139397128208	6.75998119441523e-23	-51.0484370307033	0	1
rs11171667	-10.3910437284276	2.72356195801826e-25	-56.5626867578583	0	1
rs34504828	-19.6007861684651	1.52253470552688e-85	-195.29935638906	0	1
rs10876850	-43.6283849554584	0	-Inf	0	1
rs61134397	-8.99243077788271	2.41821811327876e-19	-42.8660858147596	0	1
rs11829536	-10.1848840270492	2.31635919687122e-24	-54.4220455905317	0	1
rs75906894	-10.1731337460909	2.61361923838448e-24	-54.3013062897039	0	1
rs7297523	-11.0924557508517	1.36488522984869e-28	-64.1613122594283	0	1
rs1081732	-17.3264606808533	2.97056275373196e-67	-153.184449816364	0	1
rs12304296	-10.8324849184171	2.41510856105145e-27	-61.2880532719287	0	1
rs7068	-18.7116894444162	3.97569885025125e-78	-178.221436709498	0	1
rs59980563	-9.61661731002274	6.8031685725264e-22	-48.7394835756676	0	1
rs11171670	-10.8472445400001	2.05528100086195e-27	-61.4493849321603	0	1
rs11171671	-10.8201242209391	2.7640249797321e-27	-61.1531095674449	0	1
rs77696428	-4.95038539956122	7.40666610573465e-07	-14.1157152311483	0	1
rs143416652	-10.8354669760995	2.33769628101774e-27	-61.320631561695	0	1
rs2694012	-17.1278735412432	9.19547423686429e-66	-149.751904705365	0	1
rs12827896	-18.6513038819874	1.2323491744966e-77	-177.090129914729	0	1
rs147093266	-10.2306493326258	1.44546907272896e-24	-54.8936083451641	0	1
rs2432579	-32.9130844339759	1.42835140691293e-237	-545.356146122673	0	1
rs772262	-17.1050617066646	1.36057603175501e-65	-149.360122881777	0	1
rs772263	-17.116468637459	1.1185852022112e-65	-149.555966370143	0	1
rs17117974	-10.8632712242497	1.72458500819616e-27	-61.6248110642575	0	1
rs12311289	-17.1860001078541	3.38066454663128e-66	-150.752543836008	0	1
rs1463591	-9.57870577690245	9.82685722304053e-22	-48.3717528756427	0	1
rs61956405	-9.03588553803242	1.62679869317277e-19	-43.2625026751478	0	1
rs11171677	-10.8469103949791	2.06280638398222e-27	-61.4457301328354	0	1
rs12320132	-9.60410289665449	7.68239913729772e-22	-48.6179401598233	0	1
rs35092420	-9.45627676965026	3.19103501262027e-21	-47.1939416333356	0	1
rs56699787	-9.26923268485585	1.87489824598765e-20	-45.4231474707377	0	1
rs1681087	-17.0782384905608	2.1552786035484e-65	-148.900111047024	0	1
rs3741504	-11.215841556818	3.40927926018866e-29	-65.5484667885202	0	1
rs7305787	-40.4384926137486	0	-Inf	0	1
rs12304507	-10.1731337460909	2.61361923838448e-24	-54.3013062897039	0	1
rs7310164	-47.2280214912871	0	-Inf	0	1
rs10876851	-40.4503912550936	0	-Inf	0	1
rs35114186	-11.215841556818	3.40927926018866e-29	-65.5484667885202	0	1
rs12824144	-18.8985234487667	1.172891830898e-79	-181.744749996884	0	1
rs68101940	-11.0623362737597	1.91055182310024e-28	-63.824990490884	0	1
rs73119263	-9.5730910291591	1.03756283019055e-21	-48.3174124223661	0	1
rs11171681	-11.1546450988406	6.79634666808174e-29	-64.8585824837121	0	1
rs10876852	-40.1648789121693	0	-Inf	0	1
rs59237134	-4.71213554640983	2.45134232125439e-06	-12.9188747972162	0	1
rs10161417	-10.8071966184002	3.18247282204968e-27	-61.0121389992378	0	1
rs60671473	-4.67511493983719	2.93789028828309e-06	-12.7378188232233	0	1
rs73334301	-9.23161452910287	2.66582874863349e-20	-45.0711868755088	0	1
rs73334302	-12.053729738817	1.85368248804685e-33	-75.3681338741218	0	1
rs7299222	-10.7920237429123	3.75429860864053e-27	-60.8468960317146	0	1
rs7954839	-40.4746670231405	0	-Inf	0	1
rs60853197	-10.337617244828	4.76231245460407e-25	-56.0038939647844	0	1
rs7972345	-10.1557315393061	3.12458016215278e-24	-54.1227423058054	0	1
rs12320756	-10.7772121845131	4.4105050808832e-27	-60.6858082971261	0	1
rs74944790	-9.25090784965608	2.22593908260305e-20	-45.2515229737079	0	1
rs2887998	-40.1953943998971	0	-Inf	0	1
rs7971247	-10.1547999934188	3.15456324599664e-24	-54.1131921777773	0	1
rs10083186	-10.8071966184002	3.18247282204968e-27	-61.0121389992378	0	1
rs868051	-10.8219853692041	2.70845722295531e-27	-61.1734183284773	0	1
rs7954619	-40.4503912550936	0	-Inf	0	1
rs10082864	-10.1887471677414	2.22614477697344e-24	-54.4617709420471	0	1
rs3759101	-10.120665548634	4.47363133850037e-24	-53.7638417730559	0	1
rs56108400	-16.91620020818	3.4178221292899e-64	-146.136442407692	0	1
rs12308277	-9.17972491579797	4.3219407294e-20	-44.5879973155876	0	1
rs74091420	-4.7752721993195	1.7946434055379e-06	-13.230704215627	0	1
rs11834264	-10.82824834781	2.52947715912237e-27	-61.2417848859296	0	1
rs67049835	-8.99261155008749	2.41424285586907e-19	-42.8677310461776	0	1
rs111244665	-18.7399876739724	2.33681707282094e-78	-178.752847475402	0	1
rs57167914	-4.77294465916718	1.81551690651287e-06	-13.2191403338176	0	1
rs10876854	-39.7253666207855	0	-Inf	0	1
rs112561781	-11.0524606683758	2.13287256501643e-28	-63.7149129106125	0	1
rs140544681	-11.3165195181488	1.0870243734779e-29	-66.6915236662369	0	1
rs17118032	-9.19705454217365	3.67895737182459e-20	-44.7490724707173	0	1
rs7965333	-39.9136947763548	0	-Inf	0	1
rs750667	-28.841804578461	6.41995149915024e-183	-419.513661454887	0	1
rs2242295	-11.2071947418023	3.75919284604947e-29	-65.450763431074	0	1
rs2291267	-10.653688356817	1.67590402535249e-26	-59.3508596815344	0	1
rs12815039	-11.2235684839523	3.12404583460672e-29	-65.6358387931884	0	1
rs2291268	-37.96004507219	0	-Inf	0	1
rs12372076	-40.6125504389635	0	-Inf	0	1
rs73119287	-10.710913011836	9.04651778837599e-27	-59.9674176019373	0	1
rs6581084	-55.2653742318778	0	-Inf	0	1
rs2046292	-40.3040917838865	0	-Inf	0	1
rs7296597	-39.5162436321397	0	-Inf	0	1
rs7296830	-15.8414820384791	1.60981528604812e-56	-128.468645764415	0	1
rs4759013	-15.6685840071409	2.48044034323465e-55	-125.733744012501	0	1
rs7315755	-5.44255637969467	5.25213295137775e-08	-16.7620464734039	0	1
rs7956507	-22.0815571397286	4.7542198842667e-108	-247.120157423013	0	1
rs1114474	-41.3668897787671	0	-Inf	0	1
rs60204180	-4.6785731190885	2.88878155969125e-06	-12.7546757503837	0	1
rs2371284	-41.8750021919279	0	-Inf	0	1
rs116433810	-4.6785731190885	2.88878155969125e-06	-12.7546757503837	0	1
rs116217223	-4.6785731190885	2.88878155969125e-06	-12.7546757503837	0	1
rs1463592	-16.3835104253693	2.50838844998243e-60	-137.235465084502	0	1
rs12828668	-15.1150447248522	1.28883554546243e-51	-117.178100609918	0	1
rs11171687	-14.3499329579696	1.066402737185e-46	-105.854623221094	0	1
rs12817350	-15.1099731561443	1.39196437829922e-51	-117.101123771414	0	1
rs116218711	-4.67088655986437	2.99902535705886e-06	-12.7172232030618	0	1
rs4417323	-12.6219966482331	1.59719655660717e-36	-82.4248134074744	0	1
rs539540488	-5.42958376588922	5.64856362023777e-08	-16.6892794576216	0	1
rs76236236	-4.6785731190885	2.88878155969125e-06	-12.7546757503837	0	1
rs76044112	-4.6785731190885	2.88878155969125e-06	-12.7546757503837	0	1
rs12229035	-8.9717441481709	2.91855701865521e-19	-42.6780274444432	0	1
rs11171688	-15.262017387707	1.36947968244424e-52	-119.419993961827	0	1
rs10876858	-41.6922255087585	0	-Inf	0	1
rs772459	-52.7749752735539	0	-Inf	0	1
rs772460	-15.5812359204546	9.76483366120694e-55	-124.363392584672	0	1
rs6581086	-41.9554452742493	0	-Inf	0	1
rs1081768	-55.2100432186974	0	-Inf	0	1
rs772461	-15.0679947699798	2.62974084993375e-51	-116.464954437509	0	1
rs11504021	-16.4250509040776	1.26577553713597e-60	-137.919420572481	0	1
rs12320309	-16.5851814282915	8.91959283252532e-62	-140.572025466659	0	1
rs7979046	-41.5667192455998	0	-Inf	0	1
rs114717491	-4.30055899125488	1.7036781003698e-05	-10.9801359626422	0	1
rs772475	-15.3157621658341	6.00043606918862e-53	-120.245177783899	0	1
rs772474	-55.2441112306843	0	-Inf	0	1
rs12427135	-10.8294386016149	2.49681379498752e-27	-61.254782073813	0	1
rs112698185	-14.7933639173062	1.61667747247215e-49	-112.346296456446	0	1
rs2658478	-55.2908508797497	0	-Inf	0	1
rs7135133	-42.1664994994422	0	-Inf	0	1
rs1681082	-14.9382566156168	1.85772074019341e-50	-114.509904321902	0	1
rs4759197	-10.8742830428017	1.52852734676747e-27	-61.7454927574059	0	1
rs1701701	-55.2908508797497	0	-Inf	0	1
rs7302957	-42.4471420694895	0	-Inf	0	1
rs10128982	-15.0946956755797	1.754957266496e-51	-116.86939523565	0	1
rs10876861	-42.4693019257359	0	-Inf	0	1
rs7980776	-31.6547718195602	6.51922317851834e-220	-504.693965234249	0	1
rs11171694	-9.03270237486791	1.67483711822776e-19	-43.2334008491873	0	1
rs1807168	-44.0248993024343	0	-Inf	0	1
rs9739196	-41.7462778328168	0	-Inf	0	1
rs9739192	-43.7501351333114	0	-Inf	0	1
rs11171695	-18.6274462743799	1.92492274746407e-77	-176.644166324795	0	1
rs1701699	-15.0141255931227	5.93392172363402e-51	-115.651154412078	0	1
rs1701698	-15.1238723741675	1.12714850281992e-51	-117.312148748067	0	1
rs10783773	-54.3951287658778	0	-Inf	0	1
rs71447767	-15.3498606965412	3.54947760266801e-53	-120.770209490203	0	1
rs11609567	-42.1514395254057	0	-Inf	0	1
rs7313854	-5.48215001544313	4.20187684909137e-08	-16.9851494496479	0	1
rs6581087	-46.2300516927901	0	-Inf	0	1
rs772468	-46.2300516927901	0	-Inf	0	1
rs10783774	-42.1884491521114	0	-Inf	0	1
rs772462	-46.2147421463789	0	-Inf	0	1
rs7312870	-43.0095481545255	0	-Inf	0	1
rs1681070	-46.628696189656	0	-Inf	0	1
rs61956428	-43.695231507405	0	-Inf	0	1
rs118071427	-11.0227271662522	2.96924391151698e-28	-63.3840752586753	0	1
rs10747760	-46.2147421463789	0	-Inf	0	1
rs4414258	-46.230323456642	0	-Inf	0	1
rs772704	-46.1668109647331	0	-Inf	0	1
rs10876862	-43.7698304185833	0	-Inf	0	1
rs705711	-46.2147421463789	0	-Inf	0	1
rs11171698	-14.348304049024	1.09174453439045e-46	-105.831137370638	0	1
rs705715	-46.2147421463789	0	-Inf	0	1
rs772473	-46.2147421463789	0	-Inf	0	1
rs772702	-46.192533819837	0	-Inf	0	1
rs772700	-46.0822454924815	0	-Inf	0	1
rs7308505	-46.1685736779642	0	-Inf	0	1
rs60022764	-5.31331341324204	1.0764965497676e-07	-16.0443838181875	0	1
rs73123204	-18.7200494703769	3.3983540894918e-78	-178.378346030449	0	1
rs7297871	-41.3771852790967	0	-Inf	0	1
rs73336393	-6.76050604329856	1.37510593794905e-11	-25.0099052490027	0	1
rs1136082	-46.1562071358542	0	-Inf	0	1
rs2291615	-18.7787864608778	1.12624790920953e-78	-179.482745580015	0	1
rs11829961	-5.72014810060072	1.06431241505366e-08	-18.358351772961	0	1
rs73336399	-6.00880632798439	1.86894220206307e-09	-20.097893233476	0	1
rs73336402	-5.34294217669555	9.14499422162192e-08	-16.2074740939717	0	1
rs10783775	-46.1256466835225	0	-Inf	0	1
rs11833164	-6.22319010083884	4.8714652391768e-10	-21.4424561676309	0	1
rs11838363	-5.89910903409815	3.65469674642094e-09	-19.4272527167023	0	1
rs11829187	-5.89910903409815	3.65469674642094e-09	-19.4272527167023	0	1
rs2101718	-46.1256466835225	0	-Inf	0	1
rs11831133	-5.34216431939456	9.18433416179554e-08	-16.2031815198242	0	1
rs7398428	-8.84893262843299	8.83602914793051e-19	-41.5702791825646	0	1
rs11834873	-6.48390609536428	8.93778628114841e-11	-23.1381480839702	0	1
rs1052206	-40.9984250630478	0	-Inf	0	1
rs1052165	-18.3425146205054	3.78860277746505e-75	-171.36188468373	0	1
rs10876863	-33.9143135368271	4.09847947155671e-252	-578.840827390171	0	1
rs11171705	-7.31783970405342	2.519946131882e-13	-29.009368683865	0	1
rs12307952	-7.33823844510224	2.16423348810783e-13	-29.161539957221	0	1
rs113240002	-4.1021092598524	4.09400855639845e-05	-10.1034008877483	0	1
rs12309895	-7.33823844510224	2.16423348810783e-13	-29.161539957221	0	1
rs2069391	-7.33622311272987	2.19705651068279e-13	-29.1464876941018	0	1
rs2069398	-8.84245944575423	9.36342899649548e-19	-41.5123051977062	0	1
rs3213122	-7.78268270720062	7.10025528810069e-15	-32.5786456554393	0	1
rs2069408	-16.5171356170142	2.76207989305978e-61	-139.441706692268	0	1
rs1045435	-8.80221905921748	1.3413703000133e-18	-41.1528399704912	0	1
rs3213125	-4.72643329095442	2.28497810288327e-06	-12.9891541166473	0	1
rs80223410	-8.39719473820215	4.57271349594399e-17	-37.6238397894114	0	1
rs11171710	-24.9998209057621	6.14087037304018e-138	-315.941776346499	0	1
rs12817765	-7.32579626825932	2.37484345815975e-13	-29.0686746859621	0	1
rs773107	-14.5948507049029	3.02875010526138e-48	-109.415934435812	0	1
rs773108	-16.9836074539364	1.08600689358949e-64	-147.282938382439	0	1
rs71459326	-7.32579626825932	2.37484345815975e-13	-29.0686746859621	0	1
rs56115949	-5.98792444867065	2.12535741139892e-09	-19.9693258551135	0	1
rs34273234	-7.36645963918735	1.75218958910683e-13	-29.3727400093025	0	1
rs78930721	-5.24585458406768	1.55559564367211e-07	-15.6762371280793	0	1
rs67594137	-7.79110980625858	6.64231562631295e-15	-32.6453157533151	0	1
rs773109	-16.9670461500749	1.4399524154024e-64	-147.000835883436	0	1
rs11171713	-7.36285261661827	1.80021097421431e-13	-29.3457023429919	0	1
rs773110	-16.9327347103186	2.58104833373771e-64	-146.417250304309	0	1
rs773111	-16.9438831077027	2.13551317790424e-64	-146.606738969463	0	1
rs773112	-16.999568099696	8.27271722746732e-65	-147.555068025157	0	1
rs116007554	-5.13412279057522	2.83462992782699e-07	-15.076184259221	0	1
rs11171714	-7.37250741055239	1.67448283179862e-13	-29.418101848456	0	1
rs11171715	-7.34615052151738	2.03996639915075e-13	-29.2206728722066	0	1
rs17118200	-5.23126279279769	1.68355970286468e-07	-15.5971852284311	0	1
rs149617622	-5.23126279279769	1.68355970286468e-07	-15.5971852284311	0	1
rs114819223	-5.23126279279769	1.68355970286468e-07	-15.5971852284311	0	1
rs773114	-19.9808315184195	8.086573920839e-89	-202.839868130669	0	1
rs17118206	-7.37250741055239	1.67448283179862e-13	-29.418101848456	0	1
rs1873914	-19.0136086003212	1.3158171403537e-80	-183.932349567374	0	1
rs34071823	-7.34615052151738	2.03996639915075e-13	-29.2206728722066	0	1
rs2048036	-16.8765124025918	6.69871402925714e-64	-145.463530379576	0	1
rs71459327	-7.37250741055239	1.67448283179862e-13	-29.418101848456	0	1
rs17118208	-7.37477750638411	1.64619740237626e-13	-29.4351381853189	0	1
rs61937247	-16.9816893728427	1.12209092217978e-64	-147.250252111991	0	1
rs61937248	-16.9414813424714	2.2245176700534e-64	-146.565905837004	0	1
rs61937249	-16.9816893728427	1.12209092217978e-64	-147.250252111991	0	1
rs117894492	-9.39423936656274	5.76327240366088e-21	-46.6027815138539	0	1
rs71447768	-7.42114910608278	1.16108511074676e-13	-29.784251200757	0	1
rs705698	-17.1086730517032	1.27879685121402e-65	-149.42211136871	0	1
rs705699	-20.1029928434681	6.94747550701293e-90	-205.294280012275	0	1
rs11611029	-22.3133648524798	2.74082517208439e-110	-252.276101196589	0	1
rs11550558	-9.14336044437492	6.05412019721475e-20	-44.250962795297	0	1
rs34962186	-7.4377367937449	1.02424877866458e-13	-29.9096467638977	0	1
rs705700	-20.4222727154033	1.06015612833608e-92	-211.779412367291	0	1
rs58717357	-5.13412279057522	2.83462992782699e-07	-15.076184259221	0	1
rs11171718	-11.8938325412343	1.27422375617927e-32	-73.4403858012873	0	1
rs60028217	-8.16484292773952	3.21853735451221e-16	-35.6724344692747	0	1
rs772920	-17.1539268602414	5.87451976965593e-66	-150.199991822253	0	1
rs705702	-17.2064664196755	2.37487922497621e-66	-151.105669554055	0	1
rs1081975	-20.1236173104838	4.58381560939526e-90	-205.710126615687	0	1
rs1081976	-55.0758759647508	0	-Inf	0	1
rs139750030	-5.19068117538171	2.09526132772403e-07	-15.378417366593	0	1
rs773125	-20.1482575449551	2.7875408815646e-90	-206.207498566753	0	1
rs73338329	-4.84131337125369	1.28983779431727e-06	-13.5609940883361	0	1
rs7297662	-26.2499658103324	7.15405659048266e-152	-348.025254583962	0	1
rs773126	-17.6953239385152	4.55602976738651e-70	-159.664504930353	0	1
rs74091467	-5.84419701558307	5.09017571763865e-09	-19.0959534848505	0	1
rs79099944	-4.54675805581641	5.44785629699326e-06	-12.1202883666688	0	1
rs1689510	-17.2717956080969	7.67178053450661e-67	-152.235652499463	0	1
rs7298818	-7.99442737607181	1.3017746400394e-15	-34.275047953633	0	1
rs10876864	-34.750226132568	1.37513593739584e-264	-607.563911960636	0	1
rs1701706	-46.16123672283	0	-Inf	0	1
rs7305481	-5.16030539635533	2.46547323662796e-07	-15.2157118794851	0	1
rs34507011	-8.21746194615342	2.078551616811e-16	-36.1096901748191	0	1
rs11837183	-5.26125587347503	1.43074762600289e-07	-15.7598985279202	0	1
rs772921	-17.3764087993844	1.24510528126928e-67	-154.053981140991	0	1
rs772922	-45.9571893878163	0	-Inf	0	1
rs772923	-49.4768275957717	0	-Inf	0	1
rs808896	-54.5839580227893	0	-Inf	0	1
rs772924	-54.6525024755082	0	-Inf	0	1
rs60740107	-5.44754996331894	5.10683725521813e-08	-16.7901004637971	0	1
rs1702876	-45.9487039292923	0	-Inf	0	1
rs2131569	-8.1441785274096	3.81865457041368e-16	-35.5014633340236	0	1
rs1689516	-54.7310537234663	0	-Inf	0	1
rs2452826	-54.7310537234663	0	-Inf	0	1
rs12815387	-8.09798208200101	5.58782966736155e-16	-35.1207705288355	0	1
rs1701705	-54.6253487385122	0	-Inf	0	1
rs35961650	-9.54754319113941	1.3280832449191e-21	-48.0705502193583	0	1
rs1701704	-17.3921773756484	9.45722006846915e-68	-154.329007845401	0	1
rs59794023	-5.44754996331894	5.10683725521813e-08	-16.7901004637971	0	1
rs2456973	-17.531520348535	8.23381330080833e-69	-156.770122167678	0	1
rs2658479	-45.9709340708221	0	-Inf	0	1
rs116594660	-5.23641564788074	1.63725016452712e-07	-15.6250775453524	0	1
rs4759239	-46.1097405520276	0	-Inf	0	1
rs7310292	-5.44754996331894	5.10683725521813e-08	-16.7901004637971	0	1
rs34485293	-8.00621068477743	1.18296990852199e-15	-34.3707482468212	0	1
rs772919	-45.9445974252004	0	-Inf	0	1
rs58547071	-9.35058788882063	8.71618924267848e-21	-46.1891048239266	0	1
rs7958958	-5.30402550169869	1.13276477623966e-07	-15.9934343019056	0	1
rs772917	-54.7860810255751	0	-Inf	0	1
rs58014019	-8.82960943518223	1.05041866847966e-18	-41.3973428573104	0	1
rs1619653	-54.7860810255751	0	-Inf	0	1
rs1701694	-55.2004852624959	0	-Inf	0	1
rs1702877	-17.365367526181	1.50930350014737e-67	-153.861552944367	0	1
rs113741283	-5.3077559950987	1.10983073716087e-07	-16.013888136306	0	1
rs2452822	-54.7581016993039	0	-Inf	0	1
rs7967752	-11.8458596433308	2.2608802675102e-32	-72.866968739462	0	1
rs705704	-17.5251501137005	9.2098167889954e-69	-156.658101459137	0	1
rs705705	-17.5471562433187	6.25336818836871e-69	-157.045251187862	0	1
rs1131017	-34.6041843535033	2.18563771087558e-262	-602.49538671995	0	1
rs7957187	-5.4651992606444	4.62387098876779e-08	-16.8894485133245	0	1
rs705706	-54.7978615094972	0	-Inf	0	1
rs75125444	-5.44896136449081	5.06648166887352e-08	-16.7980341181572	0	1
rs77499413	-5.44896136449081	5.06648166887352e-08	-16.7980341181572	0	1
rs56696262	-5.44896136449081	5.06648166887352e-08	-16.7980341181572	0	1
rs1612055	-46.0712741965933	0	-Inf	0	1
rs12580100	-17.8379523115148	3.58598123639189e-71	-162.20650945987	0	1
rs2035948	-5.44896136449081	5.06648166887352e-08	-16.7980341181572	0	1
rs113115413	-5.44896136449081	5.06648166887352e-08	-16.7980341181572	0	1
rs772925	-54.7062055671867	0	-Inf	0	1
rs772926	-54.7062055671867	0	-Inf	0	1
rs1689507	-54.7860810255751	0	-Inf	0	1
rs116729698	-5.23798886547394	1.62335853828957e-07	-15.6335984759854	0	1
rs2456972	-45.9197919329057	0	-Inf	0	1
rs147188288	-3.92940766337593	8.51553677349726e-05	-9.37103311426377	0	1
rs11171731	-24.0690849066138	5.26999505307083e-128	-293.068862479381	0	1
rs148391373	-5.00499753479134	5.58627459432029e-07	-14.3977830270495	0	1
rs111383837	-6.70455673815576	2.02018650305665e-11	-24.6252461875375	0	1
rs1702878	-51.0428623626701	0	-Inf	0	1
rs34415530	-17.6304307517348	1.4386680093468e-69	-158.514653724581	0	1
rs10876866	-17.6194538966599	1.7468304689115e-69	-158.32056843141	0	1
rs71459336	-8.04036117148225	8.95740618915157e-16	-34.6488807906455	0	1
rs61938962	-17.6209633553906	1.70083768275354e-69	-158.34725053233	0	1
rs61938963	-17.6209633553906	1.70083768275354e-69	-158.34725053233	0	1
rs145937369	-5.00499753479134	5.58627459432029e-07	-14.3977830270495	0	1
rs9645818	-54.7943177589401	0	-Inf	0	1
rs76550017	-6.70455673815576	2.02018650305665e-11	-24.6252461875375	0	1
rs7302200	-14.9353059476827	1.94180823860155e-50	-114.465635028992	0	1
rs7305461	-30.0447226322845	2.5589224565027e-198	-454.972262158368	0	1
rs2456445	-54.7860810255751	0	-Inf	0	1
rs2456446	-54.7860810255751	0	-Inf	0	1
rs138653224	-5.00499753479134	5.58627459432029e-07	-14.3977830270495	0	1
rs4759022	-51.1045646401428	0	-Inf	0	1
rs78831819	-11.817884821613	3.15529023383639e-32	-72.53364249234	0	1
rs7954155	-6.70455673815576	2.02018650305665e-11	-24.6252461875375	0	1
rs12818756	-8.23649562697456	1.77328162408749e-16	-36.2685296329936	0	1
rs7309327	-5.19503277303535	2.04683778755029e-07	-15.4017995914102	0	1
rs7309340	-54.7540871603192	0	-Inf	0	1
rs2640563	-50.0755642100304	0	-Inf	0	1
rs11835310	-5.57292131269732	2.50502735145274e-08	-17.5023810907315	0	1
rs2640564	-17.6399067623546	1.21661536327853e-69	-158.68229870572	0	1
rs11835337	-5.55779457207206	2.73204657647051e-08	-17.4156297539007	0	1
rs2940413	-50.0724817951035	0	-Inf	0	1
rs1702872	-48.9717731065381	0	-Inf	0	1
rs1626158	-50.0724817951035	0	-Inf	0	1
rs73338377	-5.58640881261474	2.3181317847788e-08	-17.5799191478559	0	1
rs11171733	-24.3353426343033	8.28787843969862e-131	-299.523853163835	0	1
rs1702871	-54.7739105968225	0	-Inf	0	1
rs59312661	-8.73151395763229	2.51286007674035e-18	-40.5251100966506	0	1
rs1702870	-54.7961086729703	0	-Inf	0	1
rs1689518	-50.0901576446363	0	-Inf	0	1
rs2934152	-50.0901576446363	0	-Inf	0	1
rs7977521	-54.7961086729703	0	-Inf	0	1
rs10783777	-50.0901576446363	0	-Inf	0	1
rs9738150	-54.7961086729703	0	-Inf	0	1
rs9738143	-5.59987781684577	2.14502939279693e-08	-17.6575274887306	0	1
rs10876867	-50.081339215166	0	-Inf	0	1
rs10783778	-50.081339215166	0	-Inf	0	1
rs7300292	-50.0782568459706	0	-Inf	1	1.19125975206723
rs7300772	-45.9363464593704	0	-Inf	0	1
rs144753379	-4.60971255340924	4.03226092717479e-06	-12.421183315208	0	1
rs4417324	-7.48416945231817	7.20010072225838e-14	-30.2620962867899	0	1
rs150335793	-5.60593594979761	2.07132556358483e-08	-17.6924919727422	0	1
rs7304690	-7.48416945231817	7.20010072225838e-14	-30.2620962867899	0	1
rs7304586	-50.0901576446363	0	-Inf	0	1
rs2640565	-50.0901576446363	0	-Inf	0	1
rs7970035	-5.60593594979761	2.07132556358483e-08	-17.6924919727422	0	1
rs116040402	-5.02191832508081	5.11579384105401e-07	-14.4857630649548	0	1
rs1581007	-55.0831652274991	0	-Inf	0	1
rs2640566	-50.2322790824219	0	-Inf	0	1
rs11171735	-50.2322790824219	0	-Inf	0	1
rs11171736	-55.088239412793	0	-Inf	0	1
rs10467121	-55.0242817904079	0	-Inf	0	1
rs10467122	-50.3099977019756	0	-Inf	0	1
rs7953107	-50.2322790824219	0	-Inf	0	1
rs1614219	-46.0460390129934	0	-Inf	0	1
rs2661729	-50.2322790824219	0	-Inf	0	1
rs73338385	-5.57918938943953	2.41642028760994e-08	-17.5383935189057	0	1
rs2661728	-50.0988009430169	0	-Inf	0	1
rs11837075	-5.59247227460314	2.23858909585465e-08	-17.6148349444576	0	1
rs1091527	-50.0988009430169	0	-Inf	0	1
rs796462	-50.0692187011884	0	-Inf	0	1
rs813487	-49.1748039931008	0	-Inf	0	1
rs1702875	-54.7928655424535	0	-Inf	0	1
rs1689517	-48.8285156652472	0	-Inf	0	1
rs2640562	-17.6618477818574	8.24943208986773e-70	-159.070812149198	0	1
rs2661727	-54.6163559654409	0	-Inf	0	1
rs773118	-54.6163559654409	0	-Inf	0	1
rs808905	-54.7928655424535	0	-Inf	0	1
rs2456969	-54.6163559654409	0	-Inf	0	1
rs7298109	-5.4593629372348	4.77846060390812e-08	-16.8565622987097	0	1
rs1689511	-45.8510087013125	0	-Inf	0	1
rs7312770	-35.3664604646065	5.59962369796668e-274	-629.185616081677	0	1
rs28557447	-9.9386731792098	2.82565575808969e-23	-51.9207166744445	0	1
rs10876869	-21.9218817901648	1.60676434904631e-106	-243.599797421661	0	1
rs7955865	-39.1241068487166	0	-Inf	0	1
rs4622308	-34.3909895065693	3.43848098835009e-259	-595.134509284749	0	1
rs201244827	-10.0116339795969	1.35495890067147e-23	-52.6556860165992	0	1
rs559908177	-24.3939530698856	1.98253014217663e-131	-300.954273303684	0	1
rs530284963	-24.3939530698856	1.98253014217663e-131	-300.954273303684	0	1
rs199762200	-9.85490792879108	6.52764944689442e-23	-51.0834102225674	0	1
rs528196591	-5.38266335508211	7.33917204608562e-08	-16.4274547079492	0	1
rs4332553	-22.3486539395865	1.24438831899197e-110	-253.065716130207	0	1
rs557279620	-5.38159226608928	7.38298443917757e-08	-16.4215027915333	0	1
rs11171739	-34.5415914495211	1.90626808809661e-261	-600.32956182128	0	1
rs115699610	-5.39603108433529	6.81311481795683e-08	-16.5018313395277	0	1
rs7297175	-36.6949787809777	8.78192826888161e-295	-677.089906429108	0	1
rs3741499	-39.1896611719909	0	-Inf	0	1
rs4759229	-40.125146828478	0	-Inf	0	1
rs57237559	-5.04098391496175	4.63144398614305e-07	-14.5852269554266	0	1
rs2271194	-35.5914413137731	1.90035164435776e-277	-637.174031814325	0	1
rs10876870	-34.7972019611039	2.68120140255242e-265	-609.198784664814	0	1
rs12817471	-7.3761486899525	1.62934041303354e-13	-29.4454309305793	0	1
rs7971751	-34.7972019611039	2.68120140255242e-265	-609.198784664814	0	1
rs59398518	-5.18208068602588	2.19424249879153e-07	-15.3322587670492	0	1
rs79768661	-10.5815882306427	3.62756262000084e-26	-58.5786514496402	0	1
rs877636	-38.0441308617529	0	-Inf	0	1
rs705696	-17.237253536311	1.39509058841855e-66	-151.637656786508	0	1
rs2292239	-39.3076474657994	0	-Inf	0	1
rs75375961	-5.42466254341686	5.80641314518606e-08	-16.661717722565	0	1
rs36035578	-7.65984412111558	1.86158892960229e-14	-31.6147609156397	0	1
rs180921882	-4.87381538750822	1.0946328877525e-06	-13.7250915132353	0	1
rs59334125	-10.1021232906588	5.40588463294952e-24	-53.5745541247874	0	1
rs798829	-22.5655292932579	9.45354894410112e-113	-257.945725287682	0	1
rs11835018	-5.55980750050233	2.70072364227729e-08	-17.4271609911936	0	1
rs773116	-22.4186646670668	2.58834200994813e-111	-254.635927802211	0	1
rs705708	-22.5133294552329	3.07303783933332e-112	-256.766863818778	0	1
rs10783779	-20.9401258903761	2.30848530385604e-97	-222.514162423579	0	1
rs2292238	-21.6975383363536	2.1644398966594e-104	-238.696688051638	0	1
rs2271189	-20.1163733847107	5.30493641215523e-90	-205.564020583869	0	1
rs773123	-8.67302159085729	4.20802128167007e-18	-40.0095391410391	0	1
rs75064496	-5.64169419438686	1.68384977463351e-08	-17.8995980395737	0	1
rs812826	-9.36681985765659	7.47508156621651e-21	-46.3427119217893	0	1
rs190031571	-5.64189146511047	1.68192116757247e-08	-17.9007440517684	0	1
rs773122	-9.33537892029927	1.00630650463712e-20	-46.0454151580302	0	1
rs3759094	-20.3056848963112	1.14536217961926e-91	-209.399522561391	0	1
rs773121	-9.30234029143869	1.37387757437689e-20	-45.7340647716685	0	1
rs77662319	-5.10938203527771	3.23214217213283e-07	-14.9449505223645	0	1
rs773120	-10.7692846254199	4.80721765579394e-27	-60.5996790440272	0	1
rs73340323	-10.6175731829969	2.46896374426209e-26	-58.9634138919715	0	1
rs4759228	-14.3222456029318	1.58904372268819e-46	-105.455781874698	0	1
rs2640569	-12.6585065302996	1.00391015933527e-36	-82.8891608132537	0	1
rs113889005	-36.6199572288423	1.37667268088019e-293	-674.337762760282	0	1
rs112385330	-36.6199572288423	1.37667268088019e-293	-674.337762760282	0	1
rs1689512	-12.6874707260343	6.93906341547666e-37	-83.2584816299104	0	1
rs11171745	-12.6490787713026	1.13194282179591e-36	-82.7691278800614	0	1
rs11171747	-22.3406469526571	1.48871650422547e-110	-252.886445887172	0	1
rs35509412	-12.6949951109304	6.30338854015227e-37	-83.3545610884627	0	1
rs10128924	-55.2203108816322	0	-Inf	0	1
rs17118313	-9.78942584257827	1.25003686733012e-22	-50.4336990011256	0	1
rs17118317	-12.3154819376852	7.47671962476789e-35	-78.5786841118362	0	1
rs10747761	-47.5481587464356	0	-Inf	0	1
rs1995742	-55.1947400937736	0	-Inf	0	1
rs2292237	-11.6669505387027	1.88043416589824e-31	-70.7486351933284	0	1
rs11171752	-11.4652854207784	1.9710866020305e-30	-68.3989678244981	0	1
rs2271192	-11.4695960315474	1.87532673499576e-30	-68.4487698869159	0	1
rs7980521	-33.2439752321919	2.49447970136904e-242	-556.311512333628	0	1
rs4759224	-54.1980283175375	0	-Inf	0	1
rs7980462	-14.3133157235198	1.80688832409117e-46	-105.327308069857	0	1
rs59827415	-7.38323664858337	1.54487077206836e-13	-29.4986659447453	0	1
rs11171756	-19.4322458879092	4.11937551390627e-84	-192.001446233922	0	1
rs12300570	-24.1321274530669	1.15034162178339e-128	-294.590832942557	0	1
rs10747762	-55.2926391570222	0	-Inf	0	1
rs111482562	-5.16392363772208	2.41826382637073e-07	-15.2350457953832	0	1
rs7958618	-8.88378775950538	6.46215242840287e-19	-41.8831543113377	0	1
rs61938988	-12.0140153852581	2.99920664048978e-33	-74.8869602682794	0	1
rs7301099	-55.2023455448338	0	-Inf	0	1
rs3809134	-10.704910428195	9.65239665105681e-27	-59.9025912687015	0	1
rs61598976	-5.13907155392227	2.7609925562517e-07	-15.1025054140474	0	1
rs113191318	-8.10653836038265	5.20822805783917e-16	-35.1911217940495	0	1
rs111602323	-8.12532648879602	4.4615981176908e-16	-35.3458544637027	0	1
rs56119169	-37.49346502672	1.17703150060955e-307	-706.730627957777	0	1
rs12810816	-9.0118497488206	2.02609789233318e-19	-43.0430050441955	0	1
rs35436573	-8.23421466611098	1.80739345295001e-16	-36.2494757617836	0	1
rs1274298	-8.89040588138385	6.08860895205779e-19	-41.942697126353	0	1
rs73340370	-5.18127826758636	2.20370445197633e-07	-15.3279558648588	0	1
rs1290898	-7.31236580884313	2.62479361080991e-13	-28.9686039404234	0	1
rs11834728	-7.26753495156763	3.66106629925221e-13	-28.6358517653467	0	1
rs7397951	-52.9822183016702	0	-Inf	0	1
rs7960225	-21.678322948416	3.28637747709926e-104	-238.279063784018	0	1
rs7311008	-45.2481117151179	0	-Inf	0	1
rs112852250	-5.21168401927824	1.87134090585894e-07	-15.4914404151013	0	1
rs58009483	-7.37048952072	1.70002629445963e-13	-29.4029624906508	0	1
rs773647	-55.2407210308878	0	-Inf	0	1
rs773649	-8.90389511388546	5.39204040819879e-19	-42.0641928992028	0	1
rs773643	-8.12532648879602	4.4615981176908e-16	-35.3458544637027	0	1
rs773644	-55.3763055593704	0	-Inf	0	1
rs144505799	-5.17238288273612	2.31127367137234e-07	-15.2802969054863	0	1
rs773645	-8.94849081126492	3.60375443898057e-19	-42.4671405651501	0	1
rs812842	-8.96577996242318	3.08092565611648e-19	-42.6238866773536	0	1
rs11171773	-45.7889179064026	0	-Inf	0	1
rs7977273	-51.3219969508905	0	-Inf	0	1
rs6581091	-47.6048257827733	0	-Inf	0	1
rs2950573	-48.9593721042774	0	-Inf	0	1
rs2930788	-48.7719534159156	0	-Inf	0	1
rs2629453	-49.0339787918476	0	-Inf	0	1
rs2695784	-48.7863117626513	0	-Inf	0	1
rs2463365	-48.9478108355548	0	-Inf	0	1
rs2695783	-48.9478108355548	0	-Inf	0	1
rs11171774	-55.1930604543844	0	-Inf	0	1
rs2930787	-50.5490157255618	0	-Inf	0	1
rs2629451	-48.9333573734205	0	-Inf	0	1
rs12229022	-44.6080729896134	0	-Inf	0	1
rs2450101	-55.0814417175619	0	-Inf	0	1
rs73340385	-5.35168954644437	8.71367996551926e-08	-16.255786543404	0	1
rs7489249	-48.9478108355548	0	-Inf	0	1
rs10876877	-51.1464992400295	0	-Inf	0	1
rs10876878	-48.7863117626513	0	-Inf	0	1
rs11171776	-51.1337818370226	0	-Inf	0	1
rs7956599	-48.9593721042774	0	-Inf	0	1
rs7956926	-49.200766427394	0	-Inf	0	1
rs11171777	-48.9564751013488	0	-Inf	0	1
rs4759219	-55.1804540542812	0	-Inf	0	1
rs773657	-48.8548149867484	0	-Inf	0	1
rs773656	-52.8783024911055	0	-Inf	0	1
rs773655	-48.8180510090097	0	-Inf	0	1
rs773654	-48.9849044017248	0	-Inf	0	1
rs73340390	-5.31536337378382	1.06444692725108e-07	-16.0556403038239	0	1
rs201728675	-5.68525545362891	1.3061726797412e-08	-18.153579501516	0	1
rs703823	-48.9964861074084	0	-Inf	0	1
rs773663	-51.139170791214	0	-Inf	0	1
rs773662	-7.51403127767784	5.73338771559177e-14	-30.4898847215327	0	1
rs7967464	-5.76641048309252	8.09776894021011e-09	-18.6316772526887	0	1
rs773661	-48.9849044017248	0	-Inf	0	1
rs10747763	-45.6159607694146	0	-Inf	0	1
rs773660	-50.7914349601085	0	-Inf	0	1
rs773659	-48.81153334349	0	-Inf	0	1
rs773658	-48.81153334349	0	-Inf	0	1
rs79677444	-49.3191133616256	0	-Inf	0	1
rs1274503	-48.8230130651713	0	-Inf	0	1
rs4759218	-46.2193385713114	0	-Inf	0	1
rs1274501	-55.2564659388426	0	-Inf	0	1
rs11837267	-5.27394771007521	1.33519964925761e-07	-15.8290148202819	0	1
rs10876879	-21.2581120542319	2.77351256926439e-100	-229.238394706987	0	1
rs7397453	-55.3037778867111	0	-Inf	0	1
rs12422717	-10.9387324835835	7.5244495612743e-28	-62.4542249438772	0	1
rs12425596	-47.4914363511597	0	-Inf	0	1
rs78832251	-51.8932448627433	0	-Inf	0	1
rs79019861	-51.8932448627433	0	-Inf	0	1
rs79907634	-51.8932448627433	0	-Inf	0	1
rs76305909	-51.8932448627433	0	-Inf	0	1
rs77146689	-51.9072971369844	0	-Inf	0	1
rs145034520	-11.9960864072728	3.72497263803753e-33	-74.6702485624922	0	1
rs146654151	-11.0204869158545	3.04407947388783e-28	-63.3591840558015	0	1
rs2629450	-49.332314986125	0	-Inf	0	1
rs11548554	-4.49326916307823	7.01380423242215e-06	-11.8676303176107	0	1
rs59420211	-4.47004610196888	7.82027387619173e-06	-11.7587909814894	0	1
rs2629449	-55.3505870396307	0	-Inf	0	1
rs1274495	-11.9623055772352	5.59855568326901e-33	-74.2627994180298	0	1
rs73340401	-4.47292725381415	7.71560316063678e-06	-11.772265894954	0	1
rs1274494	-47.0649933756619	0	-Inf	0	1
rs73342304	-6.70558010041043	2.00607812415496e-11	-24.6322543889113	0	1
rs58349500	-4.28339972495266	1.84059069949165e-05	-10.9028389125368	0	1
rs7955718	-52.6984269326529	0	-Inf	0	1
rs112668709	-28.6044382157553	5.91683818756778e-180	-412.687514522647	0	1
rs10876880	-52.5423173322948	0	-Inf	0	1
rs4759216	-52.5560933643243	0	-Inf	0	1
rs7311505	-44.3872846407904	0	-Inf	0	1
rs61939014	-14.1777874443416	1.25749100480562e-45	-103.387210715002	0	1
rs1274496	-47.2959418311661	0	-Inf	0	1
rs11171781	-10.6186075043478	2.44176283816438e-26	-58.9744921647417	0	1
rs1295772	-47.3770574728883	0	-Inf	0	1
rs901073	-49.7857362893623	0	-Inf	0	1
rs111659561	-5.18459644204567	2.16483101663514e-07	-15.3457533449126	0	1
rs73324304	-6.57164398740822	4.97627316560472e-11	-23.7237547723796	0	1
rs61937675	-8.23695580700942	1.7664769620525e-16	-36.2723743417507	0	1
rs773650	-9.82417302163853	8.85982016752734e-23	-50.7779306715709	0	1
rs2629452	-47.3362457109385	0	-Inf	0	1
rs2463366	-51.1486365614303	0	-Inf	0	1
rs1274492	-55.1902573910097	0	-Inf	0	1
rs112944721	-4.95744593187716	7.14259103224509e-07	-14.1520200507652	0	1
rs77320661	-4.92479285522401	8.44497657731046e-07	-13.9845238742595	0	1
rs808919	-47.2889185647667	0	-Inf	0	1
rs1274490	-47.3704066994421	0	-Inf	0	1
rs59556751	-4.79663220666198	1.61355475313344e-06	-13.3370708916431	0	1
rs2450104	-55.0929785195876	0	-Inf	0	1
rs1274500	-9.86002052457627	6.20367090345317e-23	-51.1343159408208	0	1
rs111903036	-4.80441804204321	1.55202257515165e-06	-13.3759515904639	0	1
rs872103	-17.2970773539036	4.9486506573873e-67	-152.674086285648	0	1
rs813884	-41.362447438447	0	-Inf	0	1
rs7309201	-30.8388582238698	7.90172069864161e-209	-479.173203890045	0	1
rs773652	-47.2480691025882	0	-Inf	0	1
rs773653	-27.77626871166	8.39510422029978e-170	-389.311817103967	0	1
rs10876881	-52.2961037247735	0	-Inf	0	1
rs3816804	-10.5681242273088	4.18787004430372e-26	-58.4350201558093	0	1
rs1274493	-47.2203256303291	0	-Inf	0	1
rs11171792	-11.4317253538141	2.90282921639552e-30	-68.0118669365489	0	1
rs17118461	-8.40465517828795	4.29120548570496e-17	-37.6873788884329	0	1
rs60813079	-4.80199878596505	1.57089645864393e-06	-13.3638641087916	0	1
rs2695778	-54.5956182640722	0	-Inf	0	1
rs2643623	-47.2317575015483	0	-Inf	0	1
rs2629445	-52.5238181468562	0	-Inf	0	1
rs4759017	-18.9483506187381	4.55642142165849e-80	-182.690269900047	0	1
rs11171796	-17.7393059035037	2.08494483204486e-70	-160.446214114133	0	1
rs2695789	-47.2203256303291	0	-Inf	0	1
rs2695788	-47.1750259622306	0	-Inf	0	1
rs12368739	-51.9967843996948	0	-Inf	0	1
rs2629448	-51.9967843996948	0	-Inf	0	1
rs7133285	-11.3917693852779	4.59561579125196e-30	-67.5524500296626	0	1
rs10876882	-47.2043909003368	0	-Inf	0	1
rs2629447	-47.2242541188844	0	-Inf	0	1
rs703830	-47.2353858573764	0	-Inf	0	1
rs773664	-47.2220203868959	0	-Inf	0	1
rs10783780	-17.3567999008768	1.75221696056805e-67	-153.712319409813	0	1
rs796476	-48.1748624035153	0	-Inf	0	1
rs3809129	-17.0918016828154	1.70813830909142e-65	-149.132626975305	0	1
rs59480951	-4.94470159614745	7.62605878790272e-07	-14.0865244806748	0	1
rs773665	-47.2292394078268	0	-Inf	0	1
rs1918496	-49.5340987227655	0	-Inf	0	1
rs2695782	-47.2514366673622	0	-Inf	0	1
rs7133293	-55.0416593894967	0	-Inf	0	1
rs11613055	-17.4889432800905	1.73952909370153e-68	-156.022171882801	0	1
rs2643626	-47.2327790927867	0	-Inf	0	1
rs2371494	-10.6426629399637	1.88659050082373e-26	-59.2324411857012	0	1
rs111492967	-10.6469972602087	1.80080329839603e-26	-59.2789795756083	0	1
rs7977692	-6.48126861274687	9.09545751514124e-11	-23.1206609082009	0	1
rs2066808	-10.6529067409791	1.69003907751002e-26	-59.3424607663905	0	1
rs116535779	-10.6071468470944	2.7605013384037e-26	-58.8518001102623	0	1
rs12422499	-16.895768990628	4.83370667400489e-64	-145.789832350946	0	1
rs73324336	-8.4472258219402	2.98306372442177e-17	-38.0509957130661	0	1
rs2066811	-4.38247368715783	1.17339341449004e-05	-11.353025559808	0	1
rs2020854	-10.6685092427047	1.42900596700976e-26	-59.510233343252	0	1
rs11575236	-8.45664346048098	2.75183663738595e-17	-38.1316780240046	0	1
rs4759016	-7.5767552249759	3.54304333337346e-14	-30.9712052454072	0	1
rs11575234	-10.6725075990295	1.36881606364839e-26	-59.5532662387481	0	1
rs12312175	-30.4176253970763	3.21206810243226e-203	-466.257858879431	0	1
rs7306424	-4.84630809794478	1.25780135344681e-06	-13.5861453187946	0	1
rs11171812	-8.49959522788977	1.90252927883067e-17	-38.5007623806022	0	1
rs11575221	-8.52217305769479	1.56587180892353e-17	-38.6955038456057	0	1
rs4996382	-9.80270438598875	1.09610934725621e-22	-50.5651050929255	0	1
rs4301822	-8.79500806233976	1.43037710137461e-18	-41.0885935571307	0	1
rs11575218	-4.79208698106288	1.65055311123758e-06	-13.3144001072932	0	1
rs61522113	-6.1665312560927	6.98042879325746e-10	-21.0827405833542	0	1
rs12311878	-6.11609898766969	9.58937725190973e-10	-20.7651949803893	0	1
rs12305578	-6.1718067567175	6.75139878942059e-10	-21.1161012184625	0	1
rs73324353	-5.87324430640961	4.27347962224332e-09	-19.2708374417337	0	1
rs112547251	-6.11609898766969	9.58937725190973e-10	-20.7651949803893	0	1
rs73324358	-5.87324430640961	4.27347962224332e-09	-19.2708374417337	0	1
rs10876883	-6.17929696259667	6.43876819377731e-10	-21.1635136823776	0	1
rs10876884	-5.4486175750369	5.07628292278957e-08	-16.7961014583033	0	1
rs11171818	-5.8137090536694	6.1103578525894e-09	-18.9132804971327	0	1
rs11171819	-5.81109074345807	6.20671067721545e-09	-18.8976347629397	0	1
rs7954200	-5.81109074345807	6.20671067721545e-09	-18.8976347629397	0	1
rs7969172	-6.14083990558085	8.2086282737525e-10	-20.9206651003682	0	1
rs57387549	-5.79163590593273	6.97041214260792e-09	-18.7815914829884	0	1
rs59286728	-5.78109951827037	7.42139703339941e-09	-18.7188985180556	0	1
rs73324364	-5.79448452869837	6.85313407167313e-09	-18.7985597605952	0	1
rs11835538	-6.10467393808095	1.03010755706808e-09	-20.6936026158188	0	1
rs11833064	-5.78172874255993	7.39368593933194e-09	-18.7226394524041	0	1
rs73324365	-5.92392105893607	3.14354402772534e-09	-19.5779150022467	0	1
rs55728562	-5.93699506033593	2.90293409945438e-09	-19.657543853004	0	1
rs11830379	-5.82926409440406	5.56723376093407e-09	-19.0063675381588	0	1
rs12322356	-6.1397922223368	8.26294878339554e-10	-20.9140694105469	0	1
rs12318887	-5.8307620797556	5.51748068063077e-09	-19.0153444792753	0	1
rs11171821	-11.4101181737491	3.72223281051064e-30	-67.7632290837158	0	1
rs11171822	-5.8346951871744	5.38889905554844e-09	-19.0389247297444	0	1
rs11171823	-5.97297890798135	2.32960028897713e-09	-19.8775691338804	0	1
rs10876885	-7.15890868469895	8.13218304670527e-13	-27.8377768039773	0	1
rs12306512	-7.44453218144894	9.72885559412324e-14	-29.9610950288618	0	1
rs55818846	-5.63870534522443	1.71333421137747e-08	-17.8822394406764	0	1
rs7979812	-7.44453218144894	9.72885559412324e-14	-29.9610950288618	0	1
rs73324376	-5.63073731840893	1.7944084594648e-08	-17.83600532537	0	1
rs76932565	-19.88361770889	5.64155941146186e-88	-200.897327664789	0	1
rs12312362	-7.83196139572129	4.80317029449476e-15	-32.9695002169967	0	1
rs2047229	-21.4524083431844	4.33611199987478e-102	-233.396701391359	0	1
rs12299306	-10.267014213087	9.92282628412192e-25	-55.2697895364593	0	1
rs73324378	-5.65876950699352	1.52462151241194e-08	-17.9989345532792	0	1
rs60194105	-5.32364588282509	1.01707813963949e-07	-16.1011617033729	0	1
rs11171824	-8.80021517178124	1.36554074896739e-18	-41.1349811706142	0	1
rs74549387	-5.27017287541969	1.36295328705947e-07	-15.8084417709813	0	1
rs60849229	-5.65299185630529	1.57678780211766e-08	-17.9652910029721	0	1
rs113908558	-7.58277244120725	3.38247815383852e-14	-31.017582679459	0	1
rs774025	-8.91334003963439	4.95178248533114e-19	-42.1493691570793	0	1
rs12313141	-7.59181834396075	3.15447053579841e-14	-31.0873706375029	0	1
rs7960824	-5.67211588407585	1.41044510570288e-08	-18.0767754115746	0	1
rs73324389	-6.1791744039974	6.44376808813497e-10	-21.1627374540792	0	1
rs372023859	-6.14166540932058	8.16607286198171e-10	-20.9258628144792	0	1
rs574925679	-6.05014992367405	1.44711098787291e-09	-20.353696690184	0	1
rs112965413	-5.65858048856662	1.52630131671509e-08	-17.9978333753295	0	1
rs112744954	-5.6335115392659	1.76576696884924e-08	-17.8520956046963	0	1
rs56245751	-11.8267528723876	2.83913610483935e-32	-72.6392231583479	0	1
rs28828444	-5.64867812289804	1.61686265723501e-08	-17.9401931037396	0	1
rs57231400	-7.18997365039773	6.48038273964855e-13	-28.0648266355421	0	1
rs55650630	-5.60751737219958	2.05249417028247e-08	-17.7016250219128	0	1
rs7131916	-5.99864626095755	1.9896925942524e-09	-20.0352856853926	0	1
rs73324402	-5.45856249229976	4.80004920962571e-08	-16.8520545740857	0	1
rs11834948	-5.56620175975724	2.60351780659006e-08	-17.4638172108734	0	1
rs2638321	-46.5721209955621	0	-Inf	0	1
rs2638322	-46.7164045411877	0	-Inf	0	1
rs2643633	-26.8017290173445	3.08471872815464e-158	-362.681984213876	0	1
rs11171830	-10.5742017834694	3.92505500021578e-26	-58.4998320539152	0	1
rs2935009	-27.6937249408755	8.30936594816258e-169	-387.019497409897	0	1
rs73326205	-5.00520008444264	5.58040358208265e-07	-14.3988345506424	0	1
rs2638323	-54.4116221548407	0	-Inf	0	1
rs4759205	-47.6979852560463	0	-Inf	0	1
rs10747766	-47.6979852560463	0	-Inf	0	1
rs2638324	-9.70531212614877	2.86198984071206e-22	-49.6053549144573	0	1
rs937117	-47.6773229474118	0	-Inf	0	1
rs2131096	-11.1492846284613	7.2184354230486e-29	-64.7983294678143	0	1
rs58596884	-6.28744160524597	3.22740346967595e-10	-21.8541729953475	0	1
rs4759206	-25.4602216535485	5.44000265085013e-143	-327.575888749992	0	1
rs34287626	-25.7149788752764	7.94849577289695e-146	-334.104440877323	0	1
rs529931340	-20.7840889970423	6.02977942410786e-96	-219.251458497108	0	1
rs2643628	-10.7954138014166	3.61828891225566e-27	-60.8837962729206	0	1
rs1961586	-9.64872880855171	4.97688185350032e-22	-49.0520684847714	0	1
rs7134031	-47.3779335906935	0	-Inf	0	1
rs2638286	-10.7253965632416	7.73545430196759e-27	-60.1239832952529	0	1
rs812279	-30.9343042330415	4.13125384919447e-210	-482.124288572406	0	1
rs2291739	-24.1891932616907	2.89082672601272e-129	-295.971934470652	0	1
rs2291738	-22.8894479176053	5.91854589538782e-116	-265.321779994363	0	1
rs61733875	-5.84588204540733	5.03891021233288e-09	-19.1060760059554	0	1
rs774047	-30.7192425667703	3.15013342647173e-207	-475.487669440217	0	1
rs774048	-10.8427624722324	2.15852940114693e-27	-61.4003703538174	0	1
rs774049	-10.8318447284216	2.43205606367772e-27	-61.281060494502	0	1
rs774050	-10.4345944948527	1.72348034593641e-25	-57.0202816215176	0	1
rs774051	-55.3036197687288	0	-Inf	0	1
rs55666835	-6.52610018952135	6.7504175063222e-11	-23.4188316671744	0	1
rs812278	-32.8078722596982	4.54693819799852e-236	-541.895627863663	0	1
rs774026	-30.6128698079317	8.25116272771263e-206	-472.222175029665	0	1
rs774027	-30.9429986982694	3.15600026940979e-210	-482.393564040402	0	1
rs11832580	-5.8879030729032	3.91126380385179e-09	-19.3594052916831	0	1
rs774029	-52.1975266378809	0	-Inf	0	1
rs703829	-30.8191037035062	1.45375028545736e-208	-478.563552721551	0	1
rs774031	-30.8294977135096	1.05487474585567e-208	-478.884277307189	0	1
rs774032	-30.8191037035062	1.45375028545736e-208	-478.563552721551	0	1
rs6581093	-5.86234894417568	4.56364714830533e-09	-19.2051437198754	0	1
rs2638304	-30.81472605659	1.66394942679053e-208	-478.428505393378	0	1
rs774033	-30.8175584627389	1.52473160532e-208	-478.515880944703	0	1
rs72478990	-5.86875782304693	4.39072218589776e-09	-19.2437721163509	0	1
rs774034	-30.8203953047617	1.39695933857053e-208	-478.603401369159	0	1
rs774035	-30.8203953047617	1.39695933857053e-208	-478.603401369159	0	1
rs774036	-30.821936758592	1.33207604467167e-208	-478.650960681679	0	1
rs774037	-30.821936758592	1.33207604467167e-208	-478.650960681679	0	1
rs12313431	-23.4784725094434	6.76907486089902e-122	-279.003016920435	0	1
rs774038	-30.8100065813751	1.92469015391901e-208	-478.28293434698	0	1
rs774039	-30.8203953047617	1.39695933857053e-208	-478.603401369159	0	1
rs3782237	-25.704201930731	1.04905143219787e-145	-333.826952126184	0	1
rs2279665	-25.7209316411119	6.81863268470746e-146	-334.257764611489	0	1
rs6581094	-25.7209316411119	6.81863268470746e-146	-334.257764611489	0	1
rs6581095	-25.7209316411119	6.81863268470746e-146	-334.257764611489	0	1
rs7312888	-23.5136733218309	2.95586340231472e-122	-279.831590553568	0	1
rs7977477	-25.7209316411119	6.81863268470746e-146	-334.257764611489	0	1
rs11833581	-25.7423276090573	3.92857526148779e-146	-334.809146745863	0	1
rs11833583	-25.7316295204613	5.17597502699017e-146	-334.533395844714	0	1
rs7302060	-26.127692669807	1.76712716810354e-150	-344.818408789992	0	1
rs10876889	-25.7209316411119	6.81863268470746e-146	-334.257764611489	0	1
rs11171847	-23.4301827556154	2.10525059266407e-121	-277.868361745834	0	1
rs11171848	-25.7316295204613	5.17597502699017e-146	-334.533395844714	0	1
rs11171849	-25.7316295204613	5.17597502699017e-146	-334.533395844714	0	1
rs34520497	-25.7319370997253	5.13510993442894e-146	-334.541322325132	0	1
rs35634983	-25.7252489879913	6.10089893131929e-146	-334.368987451019	0	1
rs7305989	-25.7209316411119	6.81863268470746e-146	-334.257764611489	0	1
rs35627118	-25.7172784688128	7.49140904038782e-146	-334.163666674412	0	1
rs1976294	-25.7848441123175	1.31160808262942e-146	-335.906169648742	0	1
rs73113077	-11.1256310172284	9.41373861676301e-29	-64.5327975196085	0	1
rs2638313	-10.4807737933911	1.05873907425091e-25	-57.5075486773999	0	1
rs11171850	-25.7209316411119	6.81863268470746e-146	-334.257764611489	0	1
rs12299614	-25.7209316411119	6.81863268470746e-146	-334.257764611489	0	1
rs34644700	-26.2563854131852	6.04300115092756e-152	-348.194033367259	0	1
rs7964902	-49.2030996781997	0	-Inf	0	1
rs12316810	-25.7205289805249	6.88972587375742e-146	-334.247392278999	0	1
rs11171852	-26.3600056761563	3.94124360307566e-153	-350.924022919283	0	1
rs10876890	-26.3492687705321	5.23239860742535e-153	-350.640649430402	0	1
rs11610921	-26.3209498222604	1.10422038760616e-152	-349.893794580708	0	1
rs59054322	-8.36436971660766	6.04371281856462e-17	-37.3449280527455	0	1
rs57870135	-8.36436971660766	6.04371281856462e-17	-37.3449280527455	0	1
rs56794827	-8.36436971660766	6.04371281856462e-17	-37.3449280527455	3	0.888013423009168
rs57020231	-8.34538955010086	7.09795290143996e-17	-37.1841401621656	0	1
rs17118634	-8.34538955010086	7.09795290143996e-17	-37.1841401621656	0	1
rs141043492	-6.87020927661891	6.41077863963059e-12	-25.7730403797319	0	1
rs774042	-10.7128379328493	8.86032724309965e-27	-59.9882138120172	0	1
rs17118640	-8.30304057699697	1.01480197694992e-16	-36.8266679910459	0	1
rs56248317	-8.30304057699697	1.01480197694992e-16	-36.8266679910459	0	1
rs58578730	-8.30271365938336	1.01759923349618e-16	-36.823915327548	0	1
rs59861765	-8.30271365938336	1.01759923349618e-16	-36.823915327548	0	1
rs60229360	-8.30304057699697	1.01480197694992e-16	-36.8266679910459	0	1
rs59051184	-8.30304057699697	1.01480197694992e-16	-36.8266679910459	0	1
rs73326267	-8.30304057699697	1.01480197694992e-16	-36.8266679910459	0	1
rs4630333	-26.1168942181269	2.34397372112075e-150	-344.535916288581	0	1
rs73326269	-8.30304057699697	1.01480197694992e-16	-36.8266679910459	0	1
rs17118644	-8.29416867921797	1.09347198907296e-16	-36.7520035429436	0	1
rs113559688	-8.30304057699697	1.01480197694992e-16	-36.8266679910459	0	1
rs774044	-10.7279107031022	7.52789484117445e-27	-60.1511820776794	0	1
rs17118647	-8.26866246066173	1.3547021103743e-16	-36.5377799024847	0	1
rs774045	-10.7279107031022	7.52789484117445e-27	-60.1511820776794	0	1
rs12815993	-21.1697549160806	1.81498771906462e-99	-227.359845505072	0	1
rs9737797	-8.30304057699697	1.01480197694992e-16	-36.8266679910459	0	1
rs61937720	-26.1251243922186	1.8899550479732e-150	-344.751210904459	0	1
rs61104175	-8.28407286450901	1.19032718522068e-16	-36.6671332730083	0	1
rs59339542	-8.30171087621263	1.02622702028261e-16	-36.8154724983002	0	1
rs56076204	-8.30171087621263	1.02622702028261e-16	-36.8154724983002	0	1
rs60897073	-8.30171087621263	1.02622702028261e-16	-36.8154724983002	0	1
rs1826730	-26.2805112135611	3.20347974035741e-152	-348.828696497239	0	1
rs112375298	-8.28407286450901	1.19032718522068e-16	-36.6671332730083	0	1
rs75679652	-8.33747146796664	7.58959545090618e-17	-37.1171682911876	0	1
rs11171856	-21.8835265972701	3.72865961732583e-106	-242.757971040219	0	1
rs2371455	-20.9521655579292	1.79290061754925e-97	-222.766919255362	0	1
rs3809125	-20.4406620003399	7.27457520582766e-93	-212.156028228045	0	1
rs17118657	-3.78569449645634	0.000153279892642669	-8.78324494414209	0	1
rs774053	-49.2076496926349	0	-Inf	0	1
rs2643622	-55.4501628681287	0	-Inf	0	1
rs2088155	-25.7641395302008	2.238273719616e-146	-335.371718669261	0	1
rs799187	-10.5937939172087	3.18418961022014e-26	-58.7090146006876	0	1
rs1082214	-10.4890519071448	9.69967775523269e-26	-57.5951197539977	0	1
rs2269348	-27.2712047641984	9.31557540059972e-164	-375.392267477477	0	1
rs2939303	-25.7480675307102	3.38813333414324e-146	-334.957144446291	0	1
rs2657883	-31.3105168623003	3.35616532047389e-215	-493.844995945162	0	1
rs2657882	-31.3464622487483	1.08712798228888e-215	-494.972255653515	0	1
rs7313455	-26.2336519461138	1.09836163525647e-151	-347.596529395083	0	1
rs2638320	-28.3084153816593	2.72261054925325e-176	-404.253385186165	0	1
rs10876891	-26.5623597027936	1.84875802800954e-155	-356.286175336645	0	1
rs12313841	-20.8411688708116	1.83308099666157e-96	-220.442170771516	0	1
rs2638319	-32.4627591163783	3.57855886486283e-231	-530.622196313972	0	1
rs2638318	-32.410472794048	1.95418912214897e-230	-528.924596052514	0	1
rs2638317	-54.2913874412769	0	-Inf	0	1
rs34287864	-20.5197550532639	1.43433233860037e-93	-213.779714176774	0	1
rs11834257	-46.2809016584119	0	-Inf	0	1
rs2939302	-13.6446901970001	2.17134303255607e-42	-95.9332280206307	0	1
rs7298123	-40.2589524581748	0	-Inf	0	1
rs2933243	-13.650403686754	2.00763316594838e-42	-96.0116174068903	0	1
rs73114872	-13.6087250767782	3.5538932224377e-42	-95.4405302208026	0	1
rs7302925	-40.3862295009329	0	-Inf	0	1
rs2657880	-13.1827736078137	1.10261279271966e-39	-89.7031359973402	0	1
rs1043011	-13.5960632570048	4.22574594556116e-42	-95.2673781053624	0	1
rs2638315	-13.5960632570048	4.22574594556116e-42	-95.2673781053624	0	1
rs2657879	-13.5545248992662	7.44929005646528e-42	-94.7004551723334	0	1
rs59853996	-5.23881811059185	1.61608218353954e-07	-15.6380908360018	0	1
rs2638314	-13.5672518985436	6.2626332815712e-42	-94.873973157079	0	1
rs2657878	-12.6625310248444	9.53740474565781e-37	-82.9404270315681	0	1
rs937114	-52.7385825537965	0	-Inf	0	1
rs11171862	-21.1337153276868	3.89648496604804e-99	-226.595849350439	0	1
rs12304519	-21.185736115468	1.29289208263032e-99	-227.69904257288	0	1
rs10876892	-55.8250357822149	0	-Inf	0	1
rs7314242	-23.6305409943282	1.87127194218712e-123	-282.591348055633	0	1
rs58252713	-23.6305409943282	1.87127194218712e-123	-282.591348055633	0	1
rs6581096	-21.185736115468	1.29289208263032e-99	-227.69904257288	0	1
rs2638336	-55.3598096742894	0	-Inf	0	1
rs11171863	-21.2065346844192	8.31150350472829e-100	-228.140868779739	0	1
rs2638335	-31.8824852951752	4.67024676582989e-223	-511.935263826739	0	1
rs7312783	-25.8870441718193	9.31890482540784e-148	-338.550548649329	0	1
rs2657877	-55.3598096742894	0	-Inf	0	1
rs2638334	-31.8909004701965	3.57018143767286e-223	-512.203859320295	0	1
rs3809122	-23.9171994938199	2.0286613239451e-126	-289.418345588059	0	1
rs79954168	-22.0662850926445	6.66477124467915e-108	-246.782354412194	0	1
rs12316930	-22.1272998375616	1.72608427983588e-108	-248.133334622319	0	1
rs11171865	-22.00083330296	2.82736408659604e-107	-245.337260090911	0	1
rs2638285	-31.8702710632725	6.89598812081293e-223	-511.545535926932	0	1
rs76292044	-18.6384048504915	1.56848582814658e-77	-176.848941447224	0	1
rs75831294	-18.6384048504915	1.56848582814658e-77	-176.848941447224	0	1
rs71459372	-17.0098095160467	6.9463250275692e-65	-147.729818297898	0	1
rs568189818	-17.0098095160467	6.9463250275692e-65	-147.729818297898	0	1
rs12831641	-17.0098095160467	6.9463250275692e-65	-147.729818297898	0	1
rs111296964	-22.0078098686113	2.42423135530483e-107	-245.491090443103	0	1
rs11171870	-32.0380747301517	3.21826196561708e-225	-516.912804472059	0	1
rs10876895	-31.8702710632725	6.89598812081293e-223	-511.545535926932	0	1
rs12813881	-21.3174410278203	7.82202068488209e-101	-230.50415147162	0	1
rs141768399	-9.60308855420284	7.75840418438968e-22	-48.6080953791635	0	1
rs2933240	-55.3415783001456	0	-Inf	0	1
rs71459376	-22.0452842142284	1.06012803231953e-107	-246.318215264326	0	1
rs2657911	-55.3754348421588	0	-Inf	0	1
rs12809550	-23.6571918738922	9.95376086703477e-124	-283.22260107492	0	1
rs2638333	-31.859957842138	9.58208108457926e-223	-511.21658093707	0	1
rs2657910	-12.1217574546072	8.10032662622961e-34	-76.1959887767063	0	1
rs2638332	-55.3484208305303	0	-Inf	0	1
rs56222928	-5.66977370202666	1.42986255451671e-08	-18.0631024200225	0	1
rs371950445	-21.5693381909778	3.48646187953429e-103	-235.917377144502	0	1
rs2657909	-33.3175422995542	2.15134002647654e-243	-558.762086681436	0	1
rs2638330	-31.8515395794719	1.2532541786037e-222	-510.948147133308	0	1
rs11171879	-31.8409817486444	1.75470687179864e-222	-510.611588826327	0	1
rs2638295	-55.3490923900273	0	-Inf	0	1
rs71459379	-21.3374996657532	5.09472911533679e-101	-230.932887893901	0	1
rs2638294	-55.0608671328378	0	-Inf	0	1
rs11171880	-21.4093395455338	1.09351357882899e-101	-232.471698413573	0	1
rs112826043	-6.51769717289943	7.1394941793195e-11	-23.3627940923251	0	1
rs2638293	-55.1956926643415	0	-Inf	0	1
rs2657908	-50.1414890122806	0	-Inf	0	1
rs2638292	-50.1414890122806	0	-Inf	0	1
rs11831042	-5.328621697611	9.89608782745223e-08	-16.1285412338559	0	1
rs2939313	-52.2536503402957	0	-Inf	0	1
rs532871367	-14.6750077772889	9.32048726167676e-49	-110.594454648082	0	1
rs2694917	-14.6658368216613	1.06693607681481e-48	-110.459293402454	0	1
rs58995108	-43.3046688262987	0	-Inf	0	1
rs57070355	-26.6767722885439	8.75640000959515e-157	-359.336074737392	0	1
rs201571256	-17.5538258206866	5.56050136118731e-69	-157.162683139517	0	1
rs2657907	-13.437788088964	3.63129421212544e-41	-93.1163996957557	0	1
rs2638287	-13.4121752038177	5.13114523111746e-41	-92.7706599365547	0	1
rs3782235	-25.1705914815708	8.41095806004665e-140	-320.23237763252	0	1
rs12814413	-24.9414675273949	2.6427823635111e-137	-314.482325452443	0	1
rs2694919	-13.338110793766	1.38935983885066e-40	-91.7745606262933	0	1
rs774215	-13.325244474973	1.65091096442612e-40	-91.6020764845481	0	1
rs774214	-33.613074654752	1.0806195066147e-247	-568.660983475613	0	1
